Rk,Player,Nation,Pos,Squad,Age,Born,MP,Starts,Min,90s,Gls,Ast,G-PK,PK,PKatt,CrdY,CrdR,Gls,Ast,G+A,G-PK,G+A-PK,Matches
1,David Abraham\David-Abraham,ar ARG,DF,Eint Frankfurt,30,1986,30,30,2584,28.7,1,1,1,0,0,5,1,0.03,0.03,0.07,0.03,0.07,Matches
2,Amir Abrashi\Amir-Abrashi,al ALB,MF,Freiburg,26,1990,20,16,1320,14.7,1,0,1,0,0,3,0,0.07,0.00,0.07,0.07,0.07,Matches
3,René Adler\Rene-Adler,de GER,GK,Hamburger SV,31,1985,19,19,1710,19.0,0,0,0,0,0,1,0,0.00,0.00,0.00,0.00,0.00,Matches
4,David Alaba\David-Alaba,at AUT,DF,Bayern Munich,24,1992,32,29,2506,27.8,4,4,4,0,0,1,0,0.14,0.14,0.29,0.14,0.29,Matches
5,Thiago Alcántara\Thiago-Alcantara,es ESP,MF,Bayern Munich,25,1991,27,26,2288,25.4,6,5,6,0,0,4,0,0.24,0.20,0.43,0.24,0.43,Matches
6,Sami Allagui\Sami-Allagui,tn TUN,FWMF,Hertha BSC,30,1986,12,0,181,2.0,1,0,0,1,1,2,0,0.50,0.00,0.50,0.00,0.00,Matches
7,Allan\Allan,br BRA,MF,Hertha BSC,19,1997,15,8,798,8.9,0,0,0,0,0,3,0,0.00,0.00,0.00,0.00,0.00,Matches
8,Xabi Alonso\Xabi-Alonso,es ESP,MF,Bayern Munich,34,1981,27,22,1903,21.1,3,2,3,0,0,6,0,0.14,0.09,0.24,0.14,0.24,Matches
9,Halil Altıntop\Halil-Altintop,tr TUR,MF,Augsburg,33,1982,31,17,1605,17.8,6,2,6,0,0,1,0,0.34,0.11,0.45,0.34,0.45,Matches
10,Hamit Altıntop\Hamit-Altintop,tr TUR,MF,Darmstadt 98,33,1982,16,15,1362,15.1,0,0,0,0,1,3,0,0.00,0.00,0.00,0.00,0.00,Matches
11,Nadiem Amiri\Nadiem-Amiri,de GER,MFFW,Hoffenheim,19,1996,33,20,1989,22.1,2,4,2,0,0,2,0,0.09,0.18,0.27,0.09,0.27,Matches
12,Dennis Aogo\Dennis-Aogo,de GER,MFDF,Schalke 04,29,1987,7,3,290,3.2,0,0,0,0,0,1,0,0.00,0.00,0.00,0.00,0.00,Matches
13,Charles Aránguiz\Charles-Aranguiz,cl CHI,MF,Leverkusen,27,1989,26,22,1815,20.2,2,2,1,1,2,8,2,0.10,0.10,0.20,0.05,0.15,Matches
14,Maximilian Arnold\Maximilian-Arnold,de GER,MF,Wolfsburg,22,1994,32,28,2423,26.9,2,3,2,0,0,9,0,0.07,0.11,0.19,0.07,0.19,Matches
15,Barış Atik\Baris-Atik,de GER,MF,Hoffenheim,21,1995,3,0,70,0.8,0,0,0,0,0,0,0,0.00,0.00,0.00,0.00,0.00,Matches
16,Pierre-Emerick Aubameyang\Pierre-Emerick-Aubameyang,ga GAB,FW,Dortmund,27,1989,32,31,2779,30.9,31,3,29,2,4,3,0,1.00,0.10,1.10,0.94,1.04,Matches
17,Donis Avdijaj\Donis-Avdijaj,xk KVX,MF,Schalke 04,19,1996,9,2,298,3.3,2,0,2,0,0,1,0,0.60,0.00,0.60,0.60,0.60,Matches
18,Florian Baak\Florian-Baak,de GER,DF,Hertha BSC,17,1999,2,0,15,0.2,0,0,0,0,0,0,0,0.00,0.00,0.00,0.00,0.00,Matches
19,Holger Badstuber\Holger-Badstuber,de GER,DF,Schalke 04,27,1989,11,10,891,9.9,0,0,0,0,0,1,0,0.00,0.00,0.00,0.00,0.00,Matches
21,Nabil Bahoui\Nabil-Bahoui,se SWE,MF,Hamburger SV,25,1991,1,1,66,0.7,0,0,0,0,0,0,0,0.00,0.00,0.00,0.00,0.00,Matches
22,Daniel Baier\Daniel-Baier,de GER,MF,Augsburg,32,1984,27,27,2393,26.6,1,3,1,0,0,5,0,0.04,0.11,0.15,0.04,0.15,Matches
23,Leon Bailey\Leon-Bailey,jm JAM,FWMF,Leverkusen,18,1997,8,0,140,1.6,0,0,0,0,0,1,0,0.00,0.00,0.00,0.00,0.00,Matches
24,Leon Balogun\Leon-Balogun,ng NGA,DF,Mainz 05,28,1988,17,13,1023,11.4,0,0,0,0,0,3,0,0.00,0.00,0.00,0.00,0.00,Matches
25,Patrick Banggaard\Patrick-Banggaard,dk DEN,DF,Darmstadt 98,22,1994,9,9,810,9.0,0,0,0,0,0,4,0,0.00,0.00,0.00,0.00,0.00,Matches
26,Philipp Bargfrede\Philipp-Bargfrede,de GER,MF,Werder Bremen,27,1989,11,4,455,5.1,1,1,1,0,0,3,0,0.20,0.20,0.40,0.20,0.40,Matches
27,Aymen Barkok\Aymen-Barkok,ma MAR,MF,Eint Frankfurt,18,1998,18,6,659,7.3,2,2,2,0,0,1,0,0.27,0.27,0.55,0.27,0.55,Matches
28,Fin Bartels\Fin-Bartels,de GER,FWMF,Werder Bremen,29,1987,31,23,2219,24.7,8,6,8,0,0,4,0,0.32,0.24,0.57,0.32,0.57,Matches
29,Marc Bartra\Marc-Bartra,es ESP,DF,Dortmund,25,1991,19,18,1560,17.3,0,0,0,0,0,5,0,0.00,0.00,0.00,0.00,0.00,Matches
30,Robert Bauer\Robert-Bauer,de GER,DFMF,Werder Bremen,21,1995,27,25,2122,23.6,1,3,1,0,0,5,0,0.04,0.13,0.17,0.04,0.17,Matches
31,Oliver Baumann\Oliver-Baumann,de GER,GK,Hoffenheim,26,1990,34,34,3060,34.0,0,0,0,0,0,1,0,0.00,0.00,0.00,0.00,0.00,Matches
32,Julian Baumgartlinger\Julian-Baumgartlinger,at AUT,MF,Leverkusen,28,1988,22,19,1561,17.3,0,1,0,0,0,1,0,0.00,0.06,0.06,0.00,0.06,Matches
33,Riechedly Bazoer\Riechedly-Bazoer,nl NED,MF,Wolfsburg,19,1996,12,12,969,10.8,0,1,0,0,0,5,0,0.00,0.09,0.09,0.00,0.09,Matches
34,Stefan Bell\Stefan-Bell,de GER,DF,Mainz 05,24,1991,31,30,2744,30.5,5,1,5,0,0,10,2,0.16,0.03,0.20,0.16,0.20,Matches
35,Karim Bellarabi\Karim-Bellarabi,de GER,MF,Leverkusen,26,1990,16,14,1113,12.4,2,5,2,0,0,4,0,0.16,0.40,0.57,0.16,0.57,Matches
36,Änis Ben-Hatira\Anis-Ben-Hatira,tn TUN,MF,Darmstadt 98,28,1988,11,8,586,6.5,1,0,1,0,0,3,0,0.15,0.00,0.15,0.15,0.15,Matches
37,Diego Benaglio\Diego-Benaglio,ch SUI,GK,Wolfsburg,32,1983,14,14,1260,14.0,0,0,0,0,0,1,0,0.00,0.00,0.00,0.00,0.00,Matches
38,Lars Bender\Lars-Bender,de GER,MFDF,Leverkusen,27,1989,9,9,602,6.7,0,1,0,0,0,4,0,0.00,0.15,0.15,0.00,0.15,Matches
39,Sven Bender\Sven-Bender,de GER,DF,Dortmund,27,1989,6,3,272,3.0,0,0,0,0,0,0,0,0.00,0.00,0.00,0.00,0.00,Matches
40,László Bénes\Laszlo-Benes,sk SVK,MF,M'Gladbach,18,1997,8,3,288,3.2,1,0,1,0,0,0,0,0.31,0.00,0.31,0.31,0.31,Matches
41,Nabil Bentaleb\Nabil-Bentaleb,dz ALG,MF,Schalke 04,21,1994,32,28,2548,28.3,5,4,4,1,1,12,0,0.18,0.14,0.32,0.14,0.28,Matches
42,Bernardo\Bernardo,br BRA,DF,RB Leipzig,21,1995,22,21,1892,21.0,0,1,0,0,0,3,0,0.00,0.05,0.05,0.00,0.05,Matches
43,Juan Bernat\Juan-Bernat,es ESP,DF,Bayern Munich,23,1993,18,13,1238,13.8,2,2,2,0,0,1,0,0.15,0.15,0.29,0.15,0.29,Matches
44,Max Besuschkow\Max-Besuschkow,de GER,MF,Eint Frankfurt,19,1997,3,1,87,1.0,0,0,0,0,0,1,0,0.00,0.00,0.00,0.00,0.00,Matches
45,Roman Bezjak\Roman-Bezjak,si SVN,MF,Darmstadt 98,27,1989,11,7,588,6.5,0,0,0,0,0,0,0,0.00,0.00,0.00,0.00,0.00,Matches
46,Ermin Bičakčić\Ermin-Bicakcic,ba BIH,DFMF,Hoffenheim,26,1990,18,11,1055,11.7,1,0,1,0,0,4,0,0.09,0.00,0.09,0.09,0.09,Matches
47,Leonardo Bittencourt\Leonardo-Bittencourt,de GER,MFFW,Köln,22,1993,16,12,968,10.8,3,5,3,0,0,3,0,0.28,0.46,0.74,0.28,0.74,Matches
48,Pablo de Blasis\Pablo-de-Blasis,ar ARG,MF,Mainz 05,28,1988,31,17,1661,18.5,5,3,4,1,1,5,0,0.27,0.16,0.43,0.22,0.38,Matches
49,Danny Blum\Danny-Blum,de GER,MF,Eint Frankfurt,25,1991,14,3,460,5.1,1,1,1,0,0,0,0,0.20,0.20,0.39,0.20,0.39,Matches
50,Jérôme Boateng\Jerome-Boateng,de GER,DF,Bayern Munich,27,1988,13,10,827,9.2,0,1,0,0,0,1,0,0.00,0.11,0.11,0.00,0.11,Matches
51,Raúl Bobadilla\Raul-Bobadilla,py PAR,FWMF,Augsburg,29,1987,18,13,1044,11.6,4,1,4,0,0,1,0,0.34,0.09,0.43,0.34,0.43,Matches
52,Mounir Bouziane\Mounir-Bouziane,fr FRA,FWMF,Mainz 05,25,1991,1,0,14,0.2,0,0,0,0,0,0,0,0.00,0.00,0.00,0.00,0.00,Matches
53,Terrence Boyd\Terrence-Boyd,us USA,FW,Darmstadt 98,25,1991,7,5,375,4.2,1,0,1,0,0,1,0,0.24,0.00,0.24,0.24,0.24,Matches
54,Julian Brandt\Julian-Brandt,de GER,MFFW,Leverkusen,20,1996,32,25,2299,25.5,3,7,3,0,0,0,0,0.12,0.27,0.39,0.12,0.39,Matches
55,Romain Brégerie\Romain-Bregerie,fr FRA,DF,Ingolstadt 04,29,1986,17,17,1527,17.0,3,0,3,0,0,3,1,0.18,0.00,0.18,0.18,0.18,Matches
56,Josip Brekalo\Josip-Brekalo,hr CRO,FWMF,Wolfsburg,18,1998,4,0,80,0.9,0,0,0,0,0,1,0,0.00,0.00,0.00,0.00,0.00,Matches
57,John Brooks\John-Brooks,us USA,DF,Hertha BSC,23,1993,24,24,2115,23.5,2,0,2,0,0,5,0,0.09,0.00,0.09,0.09,0.09,Matches
58,Daniel Brosinski\Daniel-Brosinski,de GER,DFMF,Mainz 05,28,1988,29,27,2454,27.3,1,2,0,1,1,6,0,0.04,0.07,0.11,0.00,0.07,Matches
59,Jeffrey Bruma\Jeffrey-Bruma,nl NED,DF,Wolfsburg,24,1991,20,20,1717,19.1,1,0,1,0,0,6,1,0.05,0.00,0.05,0.05,0.05,Matches
60,Massimo Bruno\Massimo-Bruno,be BEL,FWMF,RB Leipzig,22,1993,1,0,5,0.1,0,0,0,0,0,0,0,0.00,0.00,0.00,0.00,0.00,Matches
61,Onur Bulut\Onur-Bulut,tr TUR,MF,Freiburg,22,1994,21,12,1002,11.1,0,1,0,0,0,3,0,0.00,0.09,0.09,0.00,0.09,Matches
62,Niko Bungert\Niko-Bungert,de GER,DF,Mainz 05,29,1986,10,9,755,8.4,1,0,1,0,0,1,0,0.12,0.00,0.12,0.12,0.12,Matches
63,Guido Burgstaller\Guido-Burgstaller,at AUT,FW,Schalke 04,27,1989,18,17,1461,16.2,9,2,9,0,1,1,0,0.55,0.12,0.68,0.55,0.68,Matches
64,Oliver Burke\Oliver-Burke,sco SCO,FWMF,RB Leipzig,19,1997,25,5,632,7.0,1,2,1,0,0,1,0,0.14,0.28,0.43,0.14,0.43,Matches
65,Roman Bürki\Roman-Burki,ch SUI,GK,Dortmund,25,1990,27,27,2430,27.0,0,0,0,0,0,2,0,0.00,0.00,0.00,0.00,0.00,Matches
66,Dženis Burnić\Dzenis-Burnic,de GER,DF,Dortmund,18,1998,1,1,90,1.0,0,0,0,0,0,1,0,0.00,0.00,0.00,0.00,0.00,Matches
67,Gaëtan Bussmann\Gaetan-Bussmann,fr FRA,DF,Mainz 05,25,1991,14,12,1049,11.7,0,2,0,0,0,1,1,0.00,0.17,0.17,0.00,0.17,Matches
68,Jakub Błaszczykowski\Jakub-Blaszczykowski,pl POL,MFDF,Wolfsburg,30,1985,28,20,1689,18.8,0,1,0,0,0,2,0,0.00,0.05,0.05,0.00,0.05,Matches
69,Júnior Caiçara\Junior-Caicara,br BRA,DF,Schalke 04,27,1989,3,1,109,1.2,0,0,0,0,0,1,0,0.00,0.00,0.00,0.00,0.00,Matches
70,Caiuby\Caiuby,br BRA,MF,Augsburg,28,1988,5,2,248,2.8,0,0,0,0,0,1,0,0.00,0.00,0.00,0.00,0.00,Matches
71,Luca Caldirola\Luca-Caldirola,it ITA,DF,Werder Bremen,25,1991,5,5,412,4.6,0,0,0,0,0,1,0,0.00,0.00,0.00,0.00,0.00,Matches
72,Hakan Çalhanoğlu\Hakan-Calhanoglu,tr TUR,MFFW,Leverkusen,22,1994,15,14,1215,13.5,6,5,5,1,2,1,0,0.44,0.37,0.81,0.37,0.74,Matches
73,Daniel Caligiuri\Daniel-Caligiuri,it ITA,MF,Wolfsburg,28,1988,32,27,2209,24.6,4,4,4,0,0,2,0,0.32,0.32,0.65,0.32,0.65,Matches
75,Jan-Ingwer Callsen-Bracker\Jan-Ingwer-Callsen-Bracker,de GER,DF,Augsburg,31,1984,1,0,3,0.0,0,0,0,0,0,0,0,0.00,0.00,0.00,0.00,0.00,Matches
76,Koen Casteels\Koen-Casteels,be BEL,GK,Wolfsburg,24,1992,20,20,1800,20.0,0,0,0,0,0,3,0,0.00,0.00,0.00,0.00,0.00,Matches
77,Gonzalo Castro\Gonzalo-Castro,de GER,MF,Dortmund,29,1987,28,23,1921,21.3,3,4,3,0,0,5,0,0.14,0.19,0.33,0.14,0.33,Matches
78,Timothy Chandler\Timothy-Chandler,us USA,MFDF,Eint Frankfurt,26,1990,32,31,2817,31.3,0,3,0,0,0,6,1,0.00,0.10,0.10,0.00,0.10,Matches
79,Andreas Christensen\Andreas-Christensen,dk DEN,DF,M'Gladbach,20,1996,31,31,2781,30.9,2,0,2,0,0,1,0,0.06,0.00,0.06,0.06,0.06,Matches
80,Max Christiansen\Max-Christiansen,de GER,MF,Ingolstadt 04,19,1996,11,4,443,4.9,0,0,0,0,0,2,2,0.00,0.00,0.00,0.00,0.00,Matches
81,Per Ciljan Skjelbred\Per-Ciljan-Skjelbred,no NOR,MF,Hertha BSC,29,1987,26,25,2136,23.7,0,0,0,0,0,2,0,0.00,0.00,0.00,0.00,0.00,Matches
82,Cléber\Cleber,br BRA,DF,Hamburger SV,25,1990,5,5,325,3.6,0,0,0,0,0,1,1,0.00,0.00,0.00,0.00,0.00,Matches
83,Christian Clemens\Christian-Clemens,de GER,MFFW,Köln,24,1991,15,12,993,11.0,1,1,1,0,0,2,0,0.11,0.11,0.22,0.11,0.22,Matches
85,Almog Cohen\Almog-Cohen,il ISR,MF,Ingolstadt 04,27,1988,31,29,2494,27.7,7,1,6,1,1,2,0,0.25,0.04,0.29,0.22,0.25,Matches
86,Coke\Coke,es ESP,DFMF,Schalke 04,29,1987,8,7,627,7.0,1,0,1,0,0,1,0,0.14,0.00,0.14,0.14,0.14,Matches
87,Antonio Čolak\Antonio-Colak,hr CRO,FW,Darmstadt 98,22,1993,22,12,1276,14.2,4,1,3,1,2,1,2,0.28,0.07,0.35,0.21,0.28,Matches
88,Fabio Coltorti\Fabio-Coltorti,ch SUI,GK,RB Leipzig,35,1980,1,1,90,1.0,0,0,0,0,0,0,0,0.00,0.00,0.00,0.00,0.00,Matches
89,Kingsley Coman\Kingsley-Coman,fr FRA,MFFW,Bayern Munich,20,1996,19,10,917,10.2,2,1,2,0,0,1,0,0.20,0.10,0.29,0.20,0.29,Matches
90,Marvin Compper\Marvin-Compper,de GER,DF,RB Leipzig,31,1985,25,25,2098,23.3,2,0,2,0,0,6,0,0.09,0.00,0.09,0.09,0.09,Matches
91,Jhon Córdoba\Jhon-Cordoba,co COL,FW,Mainz 05,23,1993,29,27,2345,26.1,5,3,5,0,0,8,1,0.19,0.12,0.31,0.19,0.31,Matches
92,Danny da Costa\Danny-da-Costa,de GER,DF,Leverkusen,23,1993,3,1,111,1.2,0,0,0,0,0,0,0,0.00,0.00,0.00,0.00,0.00,Matches
93,Douglas Costa\Douglas-Costa,br BRA,MFFW,Bayern Munich,25,1990,23,14,1420,15.8,4,4,4,0,0,2,0,0.25,0.25,0.51,0.25,0.51,Matches
94,Mahmoud Dahoud\Mahmoud-Dahoud,de GER,MF,M'Gladbach,20,1996,28,26,2274,25.3,2,6,2,0,0,3,0,0.08,0.24,0.32,0.08,0.32,Matches
95,Kevin Danso\Kevin-Danso,at AUT,DF,Augsburg,17,1998,7,7,612,6.8,0,0,0,0,0,0,0,0.00,0.00,0.00,0.00,0.00,Matches
96,Vladimír Darida\Vladimir-Darida,cz CZE,MF,Hertha BSC,25,1990,25,21,2041,22.7,2,2,2,0,0,6,0,0.09,0.09,0.18,0.09,0.18,Matches
97,Thomas Delaney\Thomas-Delaney,dk DEN,MF,Werder Bremen,24,1991,13,11,916,10.2,4,1,4,0,0,3,0,0.39,0.10,0.49,0.39,0.49,Matches
98,Ousmane Dembélé\Ousmane-Dembele,fr FRA,MFFW,Dortmund,19,1997,32,22,2036,22.6,6,11,6,0,0,7,0,0.27,0.49,0.75,0.27,0.75,Matches
99,Kerem Demirbay\Kerem-Demirbay,de GER,MF,Hoffenheim,23,1993,28,27,2169,24.1,6,8,6,0,0,4,0,0.25,0.33,0.58,0.25,0.58,Matches
100,Diego Demme\Diego-Demme,de GER,MF,RB Leipzig,24,1991,32,32,2870,31.9,1,3,1,0,0,4,0,0.03,0.09,0.13,0.03,0.13,Matches
101,Franco Di Santo\Franco-Di-Santo,ar ARG,FWMF,Schalke 04,27,1989,12,3,323,3.6,0,2,0,0,0,2,0,0.00,0.56,0.56,0.00,0.56,Matches
102,Fallou Diagne\Fallou-Diagne,sn SEN,DF,Werder Bremen,26,1989,2,2,135,1.5,0,0,0,0,0,0,0,0.00,0.00,0.00,0.00,0.00,Matches
103,Daniel Didavi\Daniel-Didavi,de GER,MF,Wolfsburg,26,1990,18,11,986,11.0,4,2,4,0,0,0,0,0.37,0.18,0.55,0.37,0.55,Matches
104,Dennis Diekmeier\Dennis-Diekmeier,de GER,DF,Hamburger SV,26,1989,24,21,1780,19.8,0,1,0,0,0,6,2,0.00,0.05,0.05,0.00,0.05,Matches
105,Johan Djourou\Johan-Djourou,ch SUI,DF,Hamburger SV,29,1987,14,12,1144,12.7,0,0,0,0,1,6,0,0.00,0.00,0.00,0.00,0.00,Matches
106,Giulio Donati\Giulio-Donati,it ITA,DF,Mainz 05,26,1990,32,31,2802,31.1,0,1,0,0,0,4,0,0.00,0.03,0.03,0.00,0.03,Matches
107,Ji Dong-won\Ji-Dong-won,kr KOR,FWMF,Augsburg,25,1991,34,24,2297,25.5,3,2,3,0,0,4,0,0.12,0.08,0.20,0.12,0.20,Matches
108,Bas Dost\Bas-Dost,nl NED,FW,Wolfsburg,27,1989,1,1,80,0.9,0,0,0,0,0,0,0,0.00,0.00,0.00,0.00,0.00,Matches
109,Aleksandar Dragović\Aleksandar-Dragovic,at AUT,DF,Leverkusen,25,1991,19,15,1259,14.0,0,1,0,0,0,1,0,0.00,0.07,0.07,0.00,0.07,Matches
110,Julian Draxler\Julian-Draxler,de GER,MFFW,Wolfsburg,22,1993,13,12,1050,11.7,0,2,0,0,0,0,0,0.00,0.17,0.17,0.00,0.17,Matches
111,Josip Drmić\Josip-Drmic,ch SUI,FW,M'Gladbach,23,1992,12,2,282,3.1,0,0,0,0,0,0,0,0.00,0.00,0.00,0.00,0.00,Matches
112,Jaroslav Drobný\Jaroslav-Drobny,cz CZE,GK,Werder Bremen,36,1979,10,10,849,9.4,0,0,0,0,0,0,1,0.00,0.00,0.00,0.00,0.00,Matches
113,Ondrej Duda\Ondrej-Duda,sk SVK,FWMF,Hertha BSC,21,1994,3,0,70,0.8,0,0,0,0,0,0,0,0.00,0.00,0.00,0.00,0.00,Matches
114,Erik Durm\Erik-Durm,de GER,MFDF,Dortmund,24,1992,13,10,976,10.8,0,2,0,0,0,1,0,0.00,0.18,0.18,0.00,0.18,Matches
115,Maximilian Eggestein\Maximilian-Eggestein,de GER,MF,Werder Bremen,19,1996,15,8,891,9.9,1,0,1,0,0,2,0,0.10,0.00,0.10,0.10,0.10,Matches
116,Albin Ekdal\Albin-Ekdal,se SWE,MFDF,Hamburger SV,27,1989,21,13,1247,13.9,1,1,1,0,0,3,2,0.07,0.07,0.14,0.07,0.14,Matches
117,Nico Elvedi\Nico-Elvedi,ch SUI,DF,M'Gladbach,19,1996,25,23,2106,23.4,0,0,0,0,0,4,0,0.00,0.00,0.00,0.00,0.00,Matches
118,Breel Embolo\Breel-Embolo,ch SUI,FWMF,Schalke 04,19,1997,7,4,341,3.8,2,0,2,0,0,0,0,0.53,0.00,0.53,0.53,0.53,Matches
119,Michael Esser\Michael-Esser,de GER,GK,Darmstadt 98,28,1987,28,28,2484,27.6,0,0,0,0,0,3,0,0.00,0.00,0.00,0.00,0.00,Matches
120,Alexander Esswein\Alexander-Esswein,de GER,MF,Hertha BSC,26,1990,29,15,1322,14.7,2,2,2,0,0,4,0,0.14,0.14,0.27,0.14,0.27,Matches
121,Marco Fabián\Marco-Fabian,mx MEX,MFFW,Eint Frankfurt,27,1989,24,23,2054,22.8,7,4,6,1,2,10,0,0.31,0.18,0.48,0.26,0.44,Matches
122,Ralf Fährmann\Ralf-Fahrmann,de GER,GK,Schalke 04,27,1988,34,34,3060,34.0,0,0,0,0,0,3,0,0.00,0.00,0.00,0.00,0.00,Matches
123,Artem Fedetskyi\Artem-Fedetskyi,ua UKR,DF,Darmstadt 98,31,1985,16,13,1110,12.3,0,0,0,0,0,4,0,0.00,0.00,0.00,0.00,0.00,Matches
124,Markus Feulner\Markus-Feulner,de GER,MF,Augsburg,34,1982,1,0,18,0.2,0,0,0,0,0,0,0,0.00,0.00,0.00,0.00,0.00,Matches
125,Alfreð Finnbogason\Alfred-Finnbogason,is ISL,FW,Augsburg,27,1989,13,13,1128,12.5,3,1,3,0,0,1,1,0.24,0.08,0.32,0.24,0.32,Matches
126,Jonas Föhrenbach\Jonas-Fohrenbach,de GER,DF,Freiburg,20,1996,3,1,102,1.1,0,0,0,0,0,0,0,0.00,0.00,0.00,0.00,0.00,Matches
127,Emil Forsberg\Emil-Forsberg,se SWE,MFFW,RB Leipzig,24,1991,30,27,2338,26.0,8,18,7,1,2,1,1,0.31,0.69,1.00,0.27,0.96,Matches
128,Raphael Framberger\Raphael-Framberger,de GER,MFDF,Augsburg,20,1995,3,2,142,1.6,0,0,0,0,0,0,0,0.00,0.00,0.00,0.00,0.00,Matches
129,Mike Frantz\Mike-Frantz,de GER,MF,Freiburg,29,1986,30,29,2495,27.7,0,1,0,0,0,2,0,0.00,0.04,0.04,0.00,0.04,Matches
130,Fabian Frei\Fabian-Frei,ch SUI,MF,Mainz 05,27,1989,24,19,1666,18.5,0,1,0,0,0,3,0,0.00,0.05,0.05,0.00,0.05,Matches
131,Clemens Fritz\Clemens-Fritz,de GER,MF,Werder Bremen,35,1980,18,17,1291,14.3,0,0,0,0,0,5,0,0.00,0.00,0.00,0.00,0.00,Matches
132,Lukas Fröde\Lukas-Frode,de GER,MF,Werder Bremen,21,1995,3,0,14,0.2,0,0,0,0,0,0,0,0.00,0.00,0.00,0.00,0.00,Matches
133,Mijat Gaćinović\Mijat-Gacinovic,rs SRB,MFFW,Eint Frankfurt,21,1995,28,26,2233,24.8,2,0,2,0,0,9,0,0.08,0.00,0.08,0.08,0.08,Matches
134,Santiago García\Santiago-Garcia,ar ARG,DFMF,Werder Bremen,28,1988,19,16,1444,16.0,1,2,1,0,0,5,0,0.06,0.12,0.19,0.06,0.19,Matches
135,Ulisses Garcia\Ulisses-Garcia,ch SUI,DFMF,Werder Bremen,20,1996,7,3,353,3.9,0,1,0,0,0,1,0,0.00,0.25,0.25,0.00,0.25,Matches
136,Jean-Philippe Gbamin\Jean-Philippe-Gbamin,ci CIV,MF,Mainz 05,20,1995,25,21,1823,20.3,0,0,0,0,0,4,5,0.00,0.00,0.00,0.00,0.00,Matches
137,Theodor Gebre Selassie\Theodor-Gebre-Selassie,cz CZE,DFMF,Werder Bremen,29,1986,30,26,2342,26.0,5,2,5,0,0,4,0,0.19,0.08,0.27,0.19,0.27,Matches
138,Johannes Geis\Johannes-Geis,de GER,MF,Schalke 04,22,1993,18,17,1324,14.7,0,0,0,0,0,4,0,0.00,0.00,0.00,0.00,0.00,Matches
139,Yannick Gerhardt\Yannick-Gerhardt,de GER,MFDF,Wolfsburg,22,1994,27,25,2214,24.6,0,2,0,0,0,5,0,0.00,0.08,0.08,0.00,0.08,Matches
140,Matthias Ginter\Matthias-Ginter,de GER,DF,Dortmund,22,1994,29,26,2476,27.5,0,1,0,0,0,4,0,0.00,0.04,0.04,0.00,0.04,Matches
141,Serge Gnabry\Serge-Gnabry,de GER,MFFW,Werder Bremen,21,1995,27,23,1963,21.8,11,1,10,1,1,1,0,0.50,0.05,0.55,0.46,0.50,Matches
142,Mario Gómez\Mario-Gomez,de GER,FW,Wolfsburg,31,1985,33,32,2850,31.7,16,1,14,2,2,4,0,0.51,0.03,0.54,0.44,0.47,Matches
143,Jérôme Gondorf\Jerome-Gondorf,de GER,MF,Darmstadt 98,28,1988,29,29,2546,28.3,3,4,2,1,1,7,0,0.11,0.14,0.25,0.07,0.21,Matches
144,Leon Goretzka\Leon-Goretzka,de GER,MF,Schalke 04,21,1995,30,30,2563,28.5,5,3,5,0,0,2,0,0.18,0.11,0.28,0.18,0.28,Matches
145,Benjamin Gorka\Benjamin-Gorka,de GER,DF,Darmstadt 98,32,1984,1,0,7,0.1,0,0,0,0,0,0,0,0.00,0.00,0.00,0.00,0.00,Matches
146,Ashton Götz\Ashton-Gotz,de GER,DF,Hamburger SV,23,1993,1,1,65,0.7,0,0,0,0,0,1,0,0.00,0.00,0.00,0.00,0.00,Matches
147,Mario Götze\Mario-Gotze,de GER,MF,Dortmund,24,1992,11,9,760,8.4,1,2,1,0,0,1,0,0.12,0.24,0.36,0.12,0.36,Matches
148,Jeffrey Gouweleeuw\Jeffrey-Gouweleeuw,nl NED,DF,Augsburg,25,1991,18,18,1548,17.2,2,1,2,0,0,4,0,0.12,0.06,0.17,0.12,0.17,Matches
149,Michael Gregoritsch\Michael-Gregoritsch,at AUT,MFFW,Hamburger SV,22,1994,30,14,1305,14.5,5,1,5,0,0,4,0,0.34,0.07,0.41,0.34,0.41,Matches
150,Vincenzo Grifo\Vincenzo-Grifo,it ITA,MF,Freiburg,23,1993,30,27,2492,27.7,6,7,5,1,1,1,0,0.22,0.25,0.47,0.18,0.43,Matches
151,Florian Grillitsch\Florian-Grillitsch,at AUT,MF,Werder Bremen,20,1995,23,21,1712,19.0,2,0,2,0,0,4,0,0.11,0.00,0.11,0.11,0.11,Matches
152,Pascal Groß\Pascal-Gross,de GER,MF,Ingolstadt 04,25,1991,33,31,2720,30.2,5,3,2,3,3,5,0,0.17,0.10,0.26,0.07,0.17,Matches
153,Karim Guédé\Karim-Guede,sk SVK,FW,Freiburg,31,1985,5,3,184,2.0,0,0,0,0,0,0,0,0.00,0.00,0.00,0.00,0.00,Matches
154,Raphaël Guerreiro\Raphael-Guerreiro,pt POR,MF,Dortmund,22,1993,24,17,1481,16.5,6,4,6,0,0,0,0,0.36,0.24,0.61,0.36,0.61,Matches
155,Josuha Guilavogui\Josuha-Guilavogui,fr FRA,MF,Wolfsburg,25,1990,19,17,1541,17.1,0,0,0,0,0,6,0,0.00,0.00,0.00,0.00,0.00,Matches
156,Sehrou Guirassy\Sehrou-Guirassy,fr FRA,FW,Köln,20,1996,6,0,85,0.9,0,0,0,0,0,2,0,0.00,0.00,0.00,0.00,0.00,Matches
157,Péter Gulácsi\Peter-Gulacsi,hu HUN,GK,RB Leipzig,26,1990,33,33,2970,33.0,0,0,0,0,0,1,0,0.00,0.00,0.00,0.00,0.00,Matches
158,Manuel Gulde\Manuel-Gulde,de GER,DF,Freiburg,25,1991,20,19,1684,18.7,0,0,0,0,0,2,0,0.00,0.00,0.00,0.00,0.00,Matches
159,Christian Günter\Christian-Gunter,de GER,DFMF,Freiburg,23,1993,31,30,2696,30.0,0,2,0,0,0,4,1,0.00,0.07,0.07,0.00,0.07,Matches
160,Julian Günther-Schmidt\Julian-Gunther-Schmidt,de GER,FWMF,Augsburg,21,1994,4,0,46,0.5,0,0,0,0,0,0,0,0.00,0.00,0.00,0.00,0.00,Matches
161,Luiz Gustavo\Luiz-Gustavo,br BRA,MFDF,Wolfsburg,29,1987,27,26,2344,26.0,0,0,0,0,0,7,2,0.00,0.00,0.00,0.00,0.00,Matches
162,Leon Guwara\Leon-Guwara,de GER,DF,Darmstadt 98,20,1996,17,11,1103,12.3,0,0,0,0,0,2,2,0.00,0.00,0.00,0.00,0.00,Matches
163,Janik Haberer\Janik-Haberer,de GER,FWMF,Freiburg,22,1994,32,22,1952,21.7,3,4,3,0,0,7,0,0.14,0.18,0.32,0.14,0.32,Matches
164,Alexander Hack\Alexander-Hack,de GER,DF,Mainz 05,22,1993,15,13,1296,14.4,0,1,0,0,0,0,0,0.00,0.07,0.07,0.00,0.07,Matches
165,Florent Hadergjonaj\Florent-Hadergjonaj,xk KVX,MFDF,Ingolstadt 04,22,1994,25,25,2221,24.7,1,2,1,0,0,6,0,0.04,0.08,0.12,0.04,0.12,Matches
166,André Hahn\Andre-Hahn,de GER,FWMF,M'Gladbach,25,1990,30,18,1602,17.8,3,1,3,0,1,3,0,0.17,0.06,0.22,0.17,0.22,Matches
167,Izet Hajrović\Izet-Hajrovic,ba BIH,MF,Werder Bremen,24,1991,10,6,562,6.2,1,0,1,0,0,1,0,0.16,0.00,0.16,0.16,0.16,Matches
168,Alen Halilović\Alen-Halilovic,hr CRO,MF,Hamburger SV,20,1996,6,1,142,1.6,0,0,0,0,0,0,0,0.00,0.00,0.00,0.00,0.00,Matches
169,Marcel Halstenberg\Marcel-Halstenberg,de GER,DF,RB Leipzig,24,1991,30,30,2657,29.5,0,2,0,0,0,4,0,0.00,0.07,0.07,0.00,0.07,Matches
170,Hendrik Hansen\Hendrik-Hansen,de GER,DF,Wolfsburg,21,1994,1,0,84,0.9,0,0,0,0,0,0,0,0.00,0.00,0.00,0.00,0.00,Matches
171,Martin Hansen\Martin-Hansen,dk DEN,GK,Ingolstadt 04,26,1990,23,23,2037,22.6,0,0,0,0,0,1,0,0.00,0.00,0.00,0.00,0.00,Matches
172,Genki Haraguchi\Genki-Haraguchi,jp JPN,MF,Hertha BSC,25,1991,31,23,2049,22.8,1,2,1,0,0,4,0,0.04,0.09,0.13,0.04,0.13,Matches
173,Marcel Hartel\Marcel-Hartel,de GER,MF,Köln,20,1996,2,0,93,1.0,0,0,0,0,0,0,0,0.00,0.00,0.00,0.00,0.00,Matches
174,Moritz Hartmann\Moritz-Hartmann,de GER,MFFW,Ingolstadt 04,30,1986,14,12,942,10.5,1,0,1,0,1,0,0,0.10,0.00,0.10,0.10,0.10,Matches
175,Makoto Hasebe\Makoto-Hasebe,jp JPN,MFDF,Eint Frankfurt,32,1984,22,21,1887,21.0,1,1,0,1,2,2,0,0.05,0.05,0.10,0.00,0.05,Matches
176,Kai Havertz\Kai-Havertz,de GER,MFFW,Leverkusen,17,1999,24,15,1453,16.1,4,4,4,0,0,2,0,0.25,0.25,0.50,0.25,0.50,Matches
177,Thorgan Hazard\Thorgan-Hazard,be BEL,FWMF,M'Gladbach,23,1993,23,18,1628,18.1,6,4,6,0,1,3,0,0.33,0.22,0.55,0.33,0.55,Matches
178,Jonas Hector\Jonas-Hector,de GER,MFDF,Köln,26,1990,33,33,2970,33.0,1,2,1,0,0,6,0,0.03,0.06,0.09,0.03,0.09,Matches
179,Michael Hector\Michael-Hector,jm JAM,DF,Eint Frankfurt,24,1992,22,14,1361,15.1,1,0,1,0,0,4,1,0.07,0.00,0.07,0.07,0.07,Matches
180,Jens Hegeler\Jens-Hegeler,de GER,DF,Hertha BSC,28,1988,6,2,210,2.3,0,0,0,0,0,0,0,0.00,0.00,0.00,0.00,0.00,Matches
181,Dominique Heintz\Dominique-Heintz,de GER,DF,Köln,22,1993,32,30,2754,30.6,0,0,0,0,0,7,0,0.00,0.00,0.00,0.00,0.00,Matches
182,Marcel Heller\Marcel-Heller,de GER,MF,Darmstadt 98,30,1986,32,31,2716,30.2,3,3,3,0,0,2,0,0.10,0.10,0.20,0.10,0.20,Matches
183,Benjamin Henrichs\Benjamin-Henrichs,de GER,DF,Leverkusen,19,1997,29,27,2427,27.0,0,2,0,0,0,1,0,0.00,0.07,0.07,0.00,0.07,Matches
184,Bruno Henrique\Bruno-Henrique,br BRA,MF,Wolfsburg,25,1990,7,1,183,2.0,0,0,0,0,0,0,0,0.00,0.00,0.00,0.00,0.00,Matches
185,Javier Hernández\Javier-Hernandez,mx MEX,FW,Leverkusen,28,1988,26,20,1813,20.1,11,2,11,0,2,1,0,0.55,0.10,0.65,0.55,0.65,Matches
186,Patrick Herrmann\Patrick-Herrmann,de GER,MF,M'Gladbach,25,1991,18,9,696,7.7,1,1,1,0,0,1,0,0.13,0.13,0.26,0.13,0.26,Matches
187,Daniel Heuer Fernandes\Daniel-Heuer-Fernandes,pt POR,GK,Darmstadt 98,23,1992,7,6,576,6.4,0,0,0,0,0,0,0,0.00,0.00,0.00,0.00,0.00,Matches
188,Roberto Hilbert\Roberto-Hilbert,de GER,DF,Leverkusen,31,1984,7,7,585,6.5,0,0,0,0,0,2,0,0.00,0.00,0.00,0.00,0.00,Matches
189,Martin Hinteregger\Martin-Hinteregger,at AUT,DF,Augsburg,23,1992,31,31,2773,30.8,3,0,3,0,0,5,0,0.10,0.00,0.10,0.10,0.10,Matches
190,Lukas Hinterseer\Lukas-Hinterseer,at AUT,FWMF,Ingolstadt 04,25,1991,28,8,967,10.7,3,1,1,2,2,2,0,0.28,0.09,0.37,0.09,0.19,Matches
191,Marwin Hitz\Marwin-Hitz,ch SUI,GK,Augsburg,28,1987,32,32,2880,32.0,0,0,0,0,0,4,0,0.00,0.00,0.00,0.00,0.00,Matches
192,Nicolas Höfler\Nicolas-Hofler,de GER,MFDF,Freiburg,26,1990,28,26,2366,26.3,1,1,1,0,0,7,0,0.04,0.04,0.08,0.04,0.08,Matches
193,Jonas Hofmann\Jonas-Hofmann,de GER,MFFW,M'Gladbach,24,1992,21,16,1380,15.3,0,1,0,0,0,0,0,0.00,0.07,0.07,0.00,0.07,Matches
194,Marco Höger\Marco-Hoger,de GER,MF,Köln,26,1989,30,24,2058,22.9,0,1,0,0,0,7,0,0.00,0.04,0.04,0.00,0.04,Matches
195,Immanuel Höhn\Immanuel-Hohn,de GER,DF,Darmstadt 98,24,1991,12,12,1068,11.9,0,0,0,0,0,3,0,0.00,0.00,0.00,0.00,0.00,Matches
196,Fabian Holland\Fabian-Holland,de GER,DF,Darmstadt 98,26,1990,26,25,2255,25.1,0,0,0,0,0,2,0,0.00,0.00,0.00,0.00,0.00,Matches
197,Lewis Holtby\Lewis-Holtby,de GER,MF,Hamburger SV,25,1990,29,29,2413,26.8,1,6,1,0,0,4,1,0.04,0.22,0.26,0.04,0.26,Matches
198,Gerrit Holtmann\Gerrit-Holtmann,de GER,MF,Mainz 05,21,1995,5,1,128,1.4,0,1,0,0,0,0,0,0.00,0.70,0.70,0.00,0.70,Matches
199,Jannes Horn\Jannes-Horn,de GER,DFMF,Wolfsburg,19,1997,13,10,976,10.8,0,1,0,0,0,2,0,0.00,0.09,0.09,0.00,0.09,Matches
200,Timo Horn\Timo-Horn,de GER,GK,Köln,23,1993,20,20,1800,20.0,0,0,0,0,0,0,0,0.00,0.00,0.00,0.00,0.00,Matches
201,Benedikt Höwedes\Benedikt-Howedes,de GER,DF,Schalke 04,28,1988,31,31,2790,31.0,1,1,1,0,0,7,0,0.03,0.03,0.06,0.03,0.06,Matches
202,Lukáš Hrádecký\Lukas-Hradecky,fi FIN,GK,Eint Frankfurt,26,1989,33,33,2883,32.0,0,0,0,0,0,2,1,0.00,0.00,0.00,0.00,0.00,Matches
203,Branimir Hrgota\Branimir-Hrgota,se SWE,FW,Eint Frankfurt,23,1993,28,22,1735,19.3,5,1,5,0,0,2,0,0.26,0.05,0.31,0.26,0.31,Matches
204,Benjamin Hübner\Benjamin-Hubner,de GER,DF,Hoffenheim,27,1989,25,25,2143,23.8,2,3,2,0,0,10,0,0.08,0.13,0.21,0.08,0.21,Matches
205,Mats Hummels\Mats-Hummels,de GER,DF,Bayern Munich,27,1988,27,24,2181,24.2,1,1,1,0,0,4,0,0.04,0.04,0.08,0.04,0.08,Matches
206,Aaron Hunt\Aaron-Hunt,de GER,MF,Hamburger SV,29,1986,22,14,1302,14.5,4,2,4,0,1,3,0,0.28,0.14,0.41,0.28,0.41,Matches
207,Klaas-Jan Huntelaar\Klaas-Jan-Huntelaar,nl NED,FW,Schalke 04,32,1983,16,7,758,8.4,2,0,2,0,0,1,0,0.24,0.00,0.24,0.24,0.24,Matches
208,Szabolcs Huszti\Szabolcs-Huszti,hu HUN,MF,Eint Frankfurt,33,1983,15,14,1039,11.5,2,2,2,0,0,4,2,0.17,0.17,0.35,0.17,0.35,Matches
209,Jannik Huth\Jannik-Huth,de GER,GK,Mainz 05,22,1994,7,7,630,7.0,0,0,0,0,0,0,0,0.00,0.00,0.00,0.00,0.00,Matches
210,Vedad Ibišević\Vedad-Ibisevic,ba BIH,FW,Hertha BSC,31,1984,32,32,2709,30.1,12,4,9,3,3,8,2,0.40,0.13,0.53,0.30,0.43,Matches
211,Aleksandar Ignjovski\Aleksandar-Ignjovski,rs SRB,DFMF,Freiburg,25,1991,19,12,1053,11.7,0,0,0,0,0,2,0,0.00,0.00,0.00,0.00,0.00,Matches
212,Stefan Ilsanker\Stefan-Ilsanker,at AUT,MFDF,RB Leipzig,27,1989,33,29,2648,29.4,0,0,0,0,0,8,0,0.00,0.00,0.00,0.00,0.00,Matches
213,Koo Ja-cheol\Koo-Ja-cheol,kr KOR,MF,Augsburg,27,1989,23,22,1809,20.1,2,3,2,0,0,7,2,0.10,0.15,0.25,0.10,0.25,Matches
214,Vasilije Janjicic\Vasilije-Janjicic,ch SUI,MF,Hamburger SV,17,1998,4,2,176,2.0,0,0,0,0,0,0,0,0.00,0.00,0.00,0.00,0.00,Matches
215,Christoph Janker\Christoph-Janker,de GER,DF,Augsburg,31,1985,15,12,1088,12.1,0,0,0,0,0,4,0,0.00,0.00,0.00,0.00,0.00,Matches
216,Tony Jantschke\Tony-Jantschke,de GER,DFMF,M'Gladbach,26,1990,22,17,1488,16.5,0,0,0,0,0,3,0,0.00,0.00,0.00,0.00,0.00,Matches
217,Rune Jarstein\Rune-Jarstein,no NOR,GK,Hertha BSC,31,1984,34,34,3060,34.0,0,0,0,0,0,1,0,0.00,0.00,0.00,0.00,0.00,Matches
218,Bakery Jatta\Bakery-Jatta,gm GAM,MF,Hamburger SV,18,1998,6,1,183,2.0,0,0,0,0,0,0,0,0.00,0.00,0.00,0.00,0.00,Matches
219,Tin Jedvaj\Tin-Jedvaj,hr CRO,DF,Leverkusen,20,1995,18,16,1422,15.8,1,0,1,0,0,3,2,0.06,0.00,0.06,0.06,0.06,Matches
220,Aron Jóhannsson\Aron-Johannsson,us USA,FW,Werder Bremen,25,1990,9,2,269,3.0,1,1,0,1,1,1,1,0.33,0.33,0.67,0.00,0.33,Matches
221,Fabian Johnson\Fabian-Johnson,us USA,MFFW,M'Gladbach,28,1987,21,12,1252,13.9,3,2,3,0,0,1,0,0.22,0.14,0.36,0.22,0.36,Matches
222,Miloš Jojić\Milos-Jojic,rs SRB,MF,Köln,24,1992,19,13,1085,12.1,4,3,4,0,0,2,0,0.33,0.25,0.58,0.33,0.58,Matches
223,Park Joo-ho\Park-Joo-ho,kr KOR,DF,Dortmund,29,1987,2,1,65,0.7,0,0,0,0,0,0,0,0.00,0.00,0.00,0.00,0.00,Matches
224,Anthony Jung\Anthony-Jung,de GER,MFDF,Ingolstadt 04,24,1991,16,8,704,7.8,1,1,1,0,0,1,0,0.13,0.13,0.26,0.13,0.26,Matches
225,Gideon Jung\Gideon-Jung,de GER,MFDF,Hamburger SV,21,1994,29,26,2371,26.3,0,0,0,0,0,3,0,0.00,0.00,0.00,0.00,0.00,Matches
226,Sebastian Jung\Sebastian-Jung,de GER,DF,Wolfsburg,26,1990,4,4,293,3.3,0,0,0,0,0,0,0,0.00,0.00,0.00,0.00,0.00,Matches
227,Florian Jungwirth\Florian-Jungwirth,de GER,MFDF,Darmstadt 98,27,1989,16,12,1146,12.7,0,0,0,0,0,2,0,0.00,0.00,0.00,0.00,0.00,Matches
228,Zlatko Junuzović\Zlatko-Junuzovic,at AUT,MF,Werder Bremen,28,1987,30,28,2494,27.7,4,7,4,0,0,5,0,0.14,0.25,0.40,0.14,0.40,Matches
229,Gojko Kačar\Gojko-Kacar,rs SRB,MFDF,Augsburg,29,1987,22,11,1097,12.2,0,1,0,0,0,1,0,0.00,0.08,0.08,0.00,0.08,Matches
230,Julius Kade\Julius-Kade,de GER,MF,Hertha BSC,17,1999,1,0,10,0.1,0,0,0,0,0,0,0,0.00,0.00,0.00,0.00,0.00,Matches
231,Pavel Kadeřábek\Pavel-Kaderabek,cz CZE,MFDF,Hoffenheim,24,1992,23,22,1974,21.9,0,2,0,0,0,2,0,0.00,0.09,0.09,0.00,0.09,Matches
232,Shinji Kagawa\Shinji-Kagawa,jp JPN,MF,Dortmund,27,1989,21,13,1261,14.0,1,5,1,0,0,3,0,0.07,0.36,0.43,0.07,0.43,Matches
233,Florian Kainz\Florian-Kainz,at AUT,MF,Werder Bremen,23,1992,14,1,311,3.5,2,3,2,0,0,0,0,0.58,0.87,1.45,0.58,1.45,Matches
234,Dominik Kaiser\Dominik-Kaiser,de GER,MF,RB Leipzig,27,1988,25,7,961,10.7,1,0,1,0,0,2,0,0.09,0.00,0.09,0.09,0.09,Matches
235,Salomon Kalou\Salomon-Kalou,ci CIV,MF,Hertha BSC,30,1985,26,25,1982,22.0,7,4,6,1,1,1,0,0.32,0.18,0.50,0.27,0.45,Matches
236,Wilson Kamavuaka\Wilson-Kamavuaka,cd COD,MF,Darmstadt 98,26,1990,8,6,502,5.6,0,0,0,0,0,2,0,0.00,0.00,0.00,0.00,0.00,Matches
237,Kevin Kampl\Kevin-Kampl,si SVN,MF,Leverkusen,25,1990,30,28,2540,28.2,1,2,1,0,0,4,0,0.04,0.07,0.11,0.04,0.11,Matches
238,Thilo Kehrer\Thilo-Kehrer,de GER,DF,Schalke 04,19,1996,16,12,1080,12.0,1,1,1,0,0,3,1,0.08,0.08,0.17,0.08,0.17,Matches
239,Naby Keïta\Naby-Keita,gn GUI,MF,RB Leipzig,21,1995,31,29,2409,26.8,8,6,8,0,0,8,0,0.30,0.22,0.52,0.30,0.52,Matches
240,Marc-Oliver Kempf\Marc-Oliver-Kempf,de GER,DF,Freiburg,21,1995,13,12,1147,12.7,0,0,0,0,0,2,0,0.00,0.00,0.00,0.00,0.00,Matches
241,Thomas Kessler\Thomas-Kessler,de GER,GK,Köln,30,1986,13,13,1170,13.0,0,0,0,0,0,1,0,0.00,0.00,0.00,0.00,0.00,Matches
242,Rani Khedira\Rani-Khedira,de GER,MF,RB Leipzig,22,1994,10,1,163,1.8,0,0,0,0,0,0,0,0.00,0.00,0.00,0.00,0.00,Matches
243,Stefan Kießling\Stefan-Kiessling,de GER,FW,Leverkusen,32,1984,20,6,756,8.4,4,1,3,1,1,0,0,0.48,0.12,0.60,0.36,0.48,Matches
244,Joshua Kimmich\Joshua-Kimmich,de GER,MFDF,Bayern Munich,21,1995,27,15,1547,17.2,6,1,6,0,0,1,0,0.35,0.06,0.41,0.35,0.41,Matches
245,Sonny Kittel\Sonny-Kittel,de GER,MFFW,Ingolstadt 04,23,1993,20,7,794,8.8,2,1,2,0,0,2,0,0.23,0.11,0.34,0.23,0.34,Matches
246,László Kleinheisler\Laszlo-Kleinheisler,hu HUN,MF,Darmstadt 98,22,1994,12,10,776,8.6,1,0,1,0,0,0,0,0.12,0.00,0.12,0.12,0.12,Matches
247,Lukas Klostermann\Lukas-Klostermann,de GER,DF,RB Leipzig,20,1996,1,1,90,1.0,0,0,0,0,0,1,0,0.00,0.00,0.00,0.00,0.00,Matches
248,Lukas Klünter\Lukas-Klunter,de GER,DF,Köln,20,1996,8,8,720,8.0,1,1,1,0,0,4,0,0.12,0.12,0.25,0.12,0.25,Matches
249,Robin Knoche\Robin-Knoche,de GER,DF,Wolfsburg,24,1992,23,21,1870,20.8,1,1,1,0,0,2,0,0.05,0.05,0.10,0.05,0.10,Matches
250,Dominik Kohr\Dominik-Kohr,de GER,MF,Augsburg,22,1994,26,21,1964,21.8,2,0,2,0,0,13,2,0.09,0.00,0.09,0.09,0.09,Matches
251,Sead Kolašinac\Sead-Kolasinac,ba BIH,MFDF,Schalke 04,23,1993,25,24,2065,22.9,3,5,3,0,0,5,0,0.13,0.22,0.35,0.13,0.35,Matches
252,Timothée Kolodziejczak\Timothee-Kolodziejczak,fr FRA,DF,M'Gladbach,24,1991,1,0,9,0.1,0,0,0,0,0,0,0,0.00,0.00,0.00,0.00,0.00,Matches
253,Yevhen Konoplyanka\Yevhen-Konoplyanka,ua UKR,FWMF,Schalke 04,26,1989,17,5,609,6.8,1,1,1,0,0,1,0,0.15,0.15,0.30,0.15,0.30,Matches
254,Julian Korb\Julian-Korb,de GER,DFMF,M'Gladbach,24,1992,12,7,758,8.4,0,0,0,0,0,0,0,0.00,0.00,0.00,0.00,0.00,Matches
255,Filip Kostić\Filip-Kostic,rs SRB,MF,Hamburger SV,23,1992,31,29,2518,28.0,4,3,4,0,0,6,0,0.14,0.11,0.25,0.14,0.25,Matches
256,Andrej Kramarić\Andrej-Kramaric,hr CRO,FWMF,Hoffenheim,25,1991,34,28,2364,26.3,15,8,10,5,5,1,0,0.57,0.30,0.88,0.38,0.69,Matches
257,Christoph Kramer\Christoph-Kramer,de GER,MF,M'Gladbach,25,1991,24,23,1962,21.8,0,0,0,0,0,6,2,0.00,0.00,0.00,0.00,0.00,Matches
258,Bojan Krkić\Bojan-Krkic,es ESP,MFFW,Mainz 05,25,1990,11,8,628,7.0,1,0,1,0,0,1,0,0.14,0.00,0.14,0.14,0.14,Matches
259,Max Kruse\Max-Kruse,de GER,FW,Werder Bremen,28,1988,23,23,2043,22.7,15,7,11,4,4,1,0,0.66,0.31,0.97,0.48,0.79,Matches
260,Lukas Kübler\Lukas-Kubler,de GER,DF,Freiburg,23,1992,16,14,1153,12.8,0,0,0,0,0,1,0,0.00,0.00,0.00,0.00,0.00,Matches
261,Sinan Kurt\Sinan-Kurt,tr TUR,FWMF,Hertha BSC,20,1996,2,0,6,0.1,0,0,0,0,0,0,0,0.00,0.00,0.00,0.00,0.00,Matches
262,Philipp Lahm\Philipp-Lahm,de GER,DF,Bayern Munich,32,1983,26,24,2085,23.2,1,2,1,0,0,1,0,0.04,0.09,0.13,0.04,0.13,Matches
263,Sebastian Langkamp\Sebastian-Langkamp,de GER,DF,Hertha BSC,28,1988,27,26,2310,25.7,0,0,0,0,0,5,0,0.00,0.00,0.00,0.00,0.00,Matches
264,Pierre-Michel Lasogga\Pierre-Michel-Lasogga,de GER,FW,Hamburger SV,24,1991,20,5,549,6.1,1,0,1,0,0,2,0,0.16,0.00,0.16,0.16,0.16,Matches
265,Danny Latza\Danny-Latza,de GER,MF,Mainz 05,26,1989,21,18,1576,17.5,4,1,4,0,0,6,0,0.23,0.06,0.29,0.23,0.29,Matches
266,Mathew Leckie\Mathew-Leckie,au AUS,MFFW,Ingolstadt 04,25,1991,30,25,2084,23.2,0,2,0,0,0,3,3,0.00,0.09,0.09,0.00,0.09,Matches
267,Matthias Lehmann\Matthias-Lehmann,de GER,MF,Köln,33,1983,21,21,1820,20.2,0,2,0,0,0,7,0,0.00,0.10,0.10,0.00,0.10,Matches
268,Robert Leipertz\Robert-Leipertz,de GER,FWMF,Ingolstadt 04,23,1993,6,0,34,0.4,0,0,0,0,0,0,0,0.00,0.00,0.00,0.00,0.00,Matches
269,Moritz Leitner\Moritz-Leitner,de GER,MF,Augsburg,23,1992,6,2,240,2.7,0,0,0,0,0,0,0,0.00,0.00,0.00,0.00,0.00,Matches
270,Bernd Leno\Bernd-Leno,de GER,GK,Leverkusen,24,1992,34,34,3060,34.0,0,0,0,0,0,0,0,0.00,0.00,0.00,0.00,0.00,Matches
271,Tobias Levels\Tobias-Levels,de GER,DF,Ingolstadt 04,29,1986,10,8,721,8.0,0,0,0,0,0,3,1,0.00,0.00,0.00,0.00,0.00,Matches
272,Robert Lewandowski\Robert-Lewandowski,pl POL,FW,Bayern Munich,27,1988,33,31,2775,30.8,30,5,25,5,5,5,0,0.97,0.16,1.14,0.81,0.97,Matches
273,Stefan Lex\Stefan-Lex,de GER,MF,Ingolstadt 04,26,1989,13,2,333,3.7,0,0,0,0,0,3,0,0.00,0.00,0.00,0.00,0.00,Matches
274,Dario Lezcano\Dario-Lezcano,py PAR,FW,Ingolstadt 04,26,1990,33,27,2507,27.9,6,3,6,0,1,4,0,0.22,0.11,0.32,0.22,0.32,Matches
275,Heinz Lindner\Heinz-Lindner,at AUT,GK,Eint Frankfurt,26,1990,2,1,175,1.9,0,0,0,0,0,0,0,0.00,0.00,0.00,0.00,0.00,Matches
276,Jonas Lössl\Jonas-Lossl,dk DEN,GK,Mainz 05,27,1989,27,27,2430,27.0,0,0,0,0,0,0,0,0.00,0.00,0.00,0.00,0.00,Matches
277,Fabian Lustenberger\Fabian-Lustenberger,ch SUI,MFDF,Hertha BSC,28,1988,19,17,1500,16.7,0,1,0,0,0,1,0,0.00,0.06,0.06,0.00,0.06,Matches
278,Andreas Luthe\Andreas-Luthe,de GER,GK,Augsburg,29,1987,2,2,180,2.0,0,0,0,0,0,0,0,0.00,0.00,0.00,0.00,0.00,Matches
279,Arne Maier\Arne-Maier,de GER,MF,Hertha BSC,17,1999,1,0,1,0.0,0,0,0,0,0,0,0,0.00,0.00,0.00,0.00,0.00,Matches
280,Yunus Mallı\Yunus-Malli,tr TUR,MFFW,Wolfsburg,24,1992,32,28,2551,18.4,7,7,4,3,3,1,0,0.47,0.47,0.93,0.28,0.74,Matches
282,Ousman Manneh\Ousman-Manneh,gm GAM,FW,Werder Bremen,19,1997,6,6,486,5.4,1,0,1,0,0,2,0,0.19,0.00,0.19,0.19,0.19,Matches
283,Dominic Maroh\Dominic-Maroh,si SVN,DF,Köln,29,1987,12,8,645,7.2,0,0,0,0,0,3,0,0.00,0.00,0.00,0.00,0.00,Matches
284,Javi Martínez\Javi-Martinez,es ESP,DF,Bayern Munich,27,1988,25,25,2131,23.7,1,1,1,0,0,5,0,0.04,0.04,0.08,0.04,0.08,Matches
285,Omar Mascarell\Omar-Mascarell,es ESP,MF,Eint Frankfurt,23,1993,28,27,2450,27.2,0,0,0,0,0,13,0,0.00,0.00,0.00,0.00,0.00,Matches
286,Christian Mathenia\Christian-Mathenia,de GER,GK,Hamburger SV,24,1992,14,14,1260,14.0,0,0,0,0,0,1,0,0.00,0.00,0.00,0.00,0.00,Matches
287,Marvin Matip\Marvin-Matip,cm CMR,DF,Ingolstadt 04,30,1985,33,33,2969,33.0,0,0,0,0,0,5,0,0.00,0.00,0.00,0.00,0.00,Matches
288,Mërgim Mavraj\Mergim-Mavraj,al ALB,DF,Köln,30,1986,30,30,2700,30.0,0,0,0,0,0,5,0,0.00,0.00,0.00,0.00,0.00,Matches
290,Philipp Max\Philipp-Max,de GER,MFDF,Augsburg,22,1993,25,20,1813,20.1,1,2,1,0,0,4,0,0.05,0.10,0.15,0.05,0.15,Matches
291,Eric Maxim Choupo-Moting\Eric-Maxim-Choupo-Moting,cm CMR,MFFW,Schalke 04,27,1989,23,19,1686,18.7,3,4,2,1,2,1,0,0.16,0.21,0.37,0.11,0.32,Matches
292,Borja Mayoral\Borja-Mayoral,es ESP,FW,Wolfsburg,19,1997,19,3,388,4.3,2,0,2,0,0,1,0,0.46,0.00,0.46,0.46,0.46,Matches
293,Weston McKennie\Weston-McKennie,us USA,MF,Schalke 04,17,1998,1,0,13,0.1,0,0,0,0,0,0,0,0.00,0.00,0.00,0.00,0.00,Matches
294,Jonas Meffert\Jonas-Meffert,de GER,MF,Freiburg,21,1994,1,1,57,0.6,0,0,0,0,0,0,0,0.00,0.00,0.00,0.00,0.00,Matches
295,Admir Mehmedi\Admir-Mehmedi,ch SUI,MFFW,Leverkusen,25,1991,22,16,1258,14.0,3,1,3,0,0,1,0,0.21,0.07,0.29,0.21,0.29,Matches
296,Alexander Meier\Alexander-Meier,de GER,FWMF,Eint Frankfurt,33,1983,21,15,1393,15.5,5,2,5,0,2,1,0,0.32,0.13,0.45,0.32,0.45,Matches
297,Mikel Merino\Mikel-Merino,es ESP,DF,Dortmund,20,1996,8,2,298,3.3,0,0,0,0,0,1,0,0.00,0.00,0.00,0.00,0.00,Matches
298,Max Meyer\Max-Meyer,de GER,MFFW,Schalke 04,20,1995,27,18,1666,18.5,1,1,1,0,0,4,0,0.05,0.05,0.11,0.05,0.11,Matches
299,Tom Mickel\Tom-Mickel,de GER,GK,Hamburger SV,27,1989,1,1,90,1.0,0,0,0,0,0,0,0,0.00,0.00,0.00,0.00,0.00,Matches
300,Alexander Milošević\Alexander-Milosevic,se SWE,DF,Darmstadt 98,24,1992,18,18,1597,17.7,0,0,0,0,0,4,0,0.00,0.00,0.00,0.00,0.00,Matches
301,Maximilian Mittelstädt\Maximilian-Mittelstadt,de GER,DFMF,Hertha BSC,19,1997,12,5,466,5.2,0,1,0,0,0,4,2,0.00,0.19,0.19,0.00,0.19,Matches
302,Filip Mladenović\Filip-Mladenovic,rs SRB,DF,Köln,24,1991,2,0,11,0.1,0,0,0,0,0,0,0,0.00,0.00,0.00,0.00,0.00,Matches
303,Justin Möbius\Justin-Mobius,de GER,MF,Wolfsburg,19,1997,2,0,48,0.5,0,0,0,0,0,0,0,0.00,0.00,0.00,0.00,0.00,Matches
304,Anthony Modeste\Anthony-Modeste,fr FRA,FW,Köln,28,1988,34,34,2971,33.0,25,2,22,3,4,3,0,0.76,0.06,0.82,0.67,0.73,Matches
305,Niklas Moisander\Niklas-Moisander,fi FIN,DF,Werder Bremen,30,1985,30,29,2655,29.5,0,1,0,0,0,5,0,0.00,0.03,0.03,0.00,0.03,Matches
306,Emre Mor\Emre-Mor,tr TUR,MFFW,Dortmund,19,1997,12,5,478,5.3,1,1,1,0,0,0,1,0.19,0.19,0.38,0.19,0.38,Matches
307,Alfredo Morales\Alfredo-Morales,us USA,MF,Ingolstadt 04,26,1990,27,20,1710,19.0,1,0,1,0,0,5,2,0.05,0.00,0.05,0.05,0.05,Matches
308,Jan Morávek\Jan-Moravek,cz CZE,MF,Augsburg,26,1989,13,10,690,7.7,0,0,0,0,0,2,0,0.00,0.00,0.00,0.00,0.00,Matches
309,Nicolai Müller\Nicolai-Muller,de GER,MF,Hamburger SV,28,1987,25,22,1896,21.1,5,6,5,0,0,4,0,0.24,0.28,0.52,0.24,0.52,Matches
310,Sven Müller\Sven-Muller,de GER,GK,Köln,20,1996,1,1,90,1.0,0,0,0,0,0,0,0,0.00,0.00,0.00,0.00,0.00,Matches
311,Thomas Müller\Thomas-Muller,de GER,MFFW,Bayern Munich,26,1989,29,25,2263,25.1,5,12,5,0,0,0,0,0.20,0.48,0.68,0.20,0.68,Matches
312,Maurice Multhaup\Maurice-Multhaup,de GER,MF,Ingolstadt 04,19,1996,1,0,8,0.1,0,0,0,0,0,0,0,0.00,0.00,0.00,0.00,0.00,Matches
313,Yoshinori Mutō\Yoshinori-Muto,jp JPN,FW,Mainz 05,24,1992,19,10,1023,11.4,5,0,5,0,0,3,0,0.44,0.00,0.44,0.44,0.44,Matches
314,Mats Møller Dæhli\Mats-Moller-Daehli,no NOR,MF,Freiburg,21,1995,2,0,25,0.3,0,0,0,0,0,0,0,0.00,0.00,0.00,0.00,0.00,Matches
315,Naldo\Naldo,br BRA,DF,Schalke 04,33,1982,19,19,1624,18.0,1,0,1,0,0,1,1,0.06,0.00,0.06,0.06,0.06,Matches
316,Matija Nastasić\Matija-Nastasic,rs SRB,DF,Schalke 04,23,1993,22,21,1922,21.4,0,0,0,0,0,6,0,0.00,0.00,0.00,0.00,0.00,Matches
317,Manuel Neuer\Manuel-Neuer,de GER,GK,Bayern Munich,30,1986,26,26,2340,26.0,0,0,0,0,0,0,0,0.00,0.00,0.00,0.00,0.00,Matches
318,Florian Niederlechner\Florian-Niederlechner,de GER,FW,Freiburg,25,1990,34,29,2410,26.8,11,3,8,3,3,4,0,0.41,0.11,0.52,0.30,0.41,Matches
319,Georg Niedermeier\Georg-Niedermeier,de GER,DF,Freiburg,30,1986,6,0,95,1.1,0,0,0,0,0,0,0,0.00,0.00,0.00,0.00,0.00,Matches
320,Håvard Nielsen\Havard-Nielsen,no NOR,FWMF,Freiburg,23,1993,4,0,28,0.3,0,1,0,0,0,0,0,0.00,3.21,3.21,0.00,3.21,Matches
321,Peter Niemeyer\Peter-Niemeyer,de GER,DFMF,Darmstadt 98,32,1983,15,13,1108,12.3,0,0,0,0,0,7,2,0.00,0.00,0.00,0.00,0.00,Matches
322,Paul-Georges Ntep\Paul-Georges-Ntep,cm CMR,MF,Wolfsburg,24,1992,10,5,548,6.1,0,2,0,0,0,0,0,0.00,0.33,0.33,0.00,0.33,Matches
323,Ørjan Nyland\Orjan-Nyland,no NOR,GK,Ingolstadt 04,25,1990,12,11,1023,11.4,0,0,0,0,0,0,0,0.00,0.00,0.00,0.00,0.00,Matches
324,Victor Obinna\Victor-Obinna,ng NGA,FW,Darmstadt 98,29,1987,2,0,38,0.4,0,0,0,0,0,0,0,0.00,0.00,0.00,0.00,0.00,Matches
325,Philipp Ochs\Philipp-Ochs,de GER,MFDF,Hoffenheim,19,1997,3,2,145,1.6,0,0,0,0,0,1,0,0.00,0.00,0.00,0.00,0.00,Matches
326,Bastian Oczipka\Bastian-Oczipka,de GER,DFMF,Eint Frankfurt,27,1989,33,33,2950,32.8,1,4,1,0,0,5,0,0.03,0.12,0.15,0.03,0.15,Matches
327,Denys Oliynyk\Denys-Oliynyk,ua UKR,MF,Darmstadt 98,29,1987,4,0,50,0.6,1,0,1,0,0,0,0,1.80,0.00,1.80,1.80,1.80,Matches
328,Paweł Olkowski\Pawel-Olkowski,pl POL,DFMF,Köln,26,1990,14,12,1107,12.3,0,1,0,0,0,2,0,0.00,0.08,0.08,0.00,0.08,Matches
329,Karim Onisiwo\Karim-Onisiwo,at AUT,MFFW,Mainz 05,24,1992,16,10,913,10.1,1,0,1,0,0,4,0,0.10,0.00,0.10,0.10,0.10,Matches
330,Willi Orban\Willi-Orban,hu HUN,DF,RB Leipzig,23,1992,28,28,2518,28.0,3,1,3,0,0,8,2,0.11,0.04,0.14,0.11,0.14,Matches
331,Anderson Ordóñez\Anderson-Ordonez,ec ECU,DF,Eint Frankfurt,22,1994,4,3,183,2.0,0,0,0,0,0,0,0,0.00,0.00,0.00,0.00,0.00,Matches
332,Yuya Osako\Yuya-Osako,jp JPN,FWMF,Köln,26,1990,30,27,2367,26.3,7,6,7,0,0,4,0,0.27,0.23,0.49,0.27,0.49,Matches
333,Victor Osimhen\Victor-Osimhen,ng NGA,FW,Wolfsburg,17,1998,2,0,47,0.5,0,0,0,0,0,1,0,0.00,0.00,0.00,0.00,0.00,Matches
334,Matthias Ostrzolek\Matthias-Ostrzolek,de GER,DFMF,Hamburger SV,26,1990,24,23,1992,22.1,1,1,1,0,0,4,0,0.05,0.05,0.09,0.05,0.09,Matches
335,Salih Özcan\Salih-Ozcan,de GER,MF,Köln,18,1998,13,3,372,4.1,0,1,0,0,0,1,2,0.00,0.24,0.24,0.00,0.24,Matches
336,Levin Öztunalı\Levin-Oztunali,de GER,MF,Mainz 05,20,1996,30,23,1966,21.8,5,5,5,0,0,1,0,0.23,0.23,0.46,0.23,0.46,Matches
337,Federico Palacios Martínez\Federico-Palacios-Martinez,de GER,FW,RB Leipzig,21,1995,2,0,56,0.6,0,0,0,0,0,0,0,0.00,0.00,0.00,0.00,0.00,Matches
338,Kyriakos Papadopoulos\Kyriakos-Papadopoulos,gr GRE,DF,Hamburger SV,24,1992,16,15,1317,14.6,2,0,2,0,0,6,0,0.14,0.00,0.14,0.14,0.14,Matches
340,Sokratis Papastathopoulos\Sokratis-Papastathopoulos,gr GRE,DF,Dortmund,28,1988,26,26,2297,25.5,2,0,2,0,0,7,0,0.08,0.00,0.08,0.08,0.08,Matches
341,Felix Passlack\Felix-Passlack,de GER,DFMF,Dortmund,18,1998,10,6,534,5.9,0,0,0,0,0,1,0,0.00,0.00,0.00,0.00,0.00,Matches
342,Peter Pekarík\Peter-Pekarik,sk SVK,DF,Hertha BSC,29,1986,31,30,2710,30.1,1,1,1,0,0,3,0,0.03,0.03,0.07,0.03,0.07,Matches
343,Nils Petersen\Nils-Petersen,de GER,FW,Freiburg,27,1988,33,7,1251,13.9,10,4,8,2,3,0,0,0.72,0.29,1.01,0.58,0.86,Matches
344,Thanos Petsos\Thanos-Petsos,gr GRE,MF,Werder Bremen,25,1991,3,2,144,1.6,0,0,0,0,0,2,0,0.00,0.00,0.00,0.00,0.00,Matches
345,Maximilian Philipp\Maximilian-Philipp,de GER,FWMF,Freiburg,22,1994,25,23,1929,21.4,9,2,9,0,1,5,0,0.42,0.09,0.51,0.42,0.51,Matches
346,Łukasz Piszczek\Lukasz-Piszczek,pl POL,DFMF,Dortmund,31,1985,25,23,2038,22.6,5,2,5,0,0,1,0,0.22,0.09,0.31,0.22,0.31,Matches
347,Claudio Pizarro\Claudio-Pizarro,pe PER,FW,Werder Bremen,37,1978,19,10,854,9.5,1,1,1,0,0,1,0,0.11,0.11,0.21,0.11,0.21,Matches
348,Felix Platte\Felix-Platte,de GER,FWMF,Darmstadt 98,20,1996,9,6,467,5.2,2,1,2,0,0,1,0,0.39,0.19,0.58,0.39,0.58,Matches
349,Marvin Plattenhardt\Marvin-Plattenhardt,de GER,DF,Hertha BSC,24,1992,27,27,2430,27.0,3,3,3,0,0,3,0,0.11,0.11,0.22,0.11,0.22,Matches
350,Joel Pohjanpalo\Joel-Pohjanpalo,fi FIN,FW,Leverkusen,21,1994,11,1,191,2.1,6,0,6,0,0,0,0,2.83,0.00,2.83,2.83,2.83,Matches
351,Eugen Polanski\Eugen-Polanski,pl POL,MF,Hoffenheim,30,1986,14,7,634,7.0,0,0,0,0,0,1,0,0.00,0.00,0.00,0.00,0.00,Matches
352,Finn Porath\Finn-Porath,de GER,MF,Hamburger SV,19,1997,1,0,1,0.0,0,0,0,0,0,0,0,0.00,0.00,0.00,0.00,0.00,Matches
353,Yussuf Poulsen\Yussuf-Poulsen,dk DEN,FW,RB Leipzig,22,1994,29,25,2084,23.2,5,4,5,0,0,4,0,0.22,0.17,0.39,0.22,0.39,Matches
354,Christian Pulisic\Christian-Pulisic,us USA,MF,Dortmund,17,1998,29,15,1525,16.9,3,7,3,0,0,1,0,0.18,0.41,0.59,0.18,0.59,Matches
355,Robin Quaison\Robin-Quaison,se SWE,MFFW,Mainz 05,22,1993,11,6,482,5.4,1,0,1,0,0,0,0,0.19,0.00,0.19,0.19,0.19,Matches
356,Raffael\Raffael,br BRA,FW,M'Gladbach,31,1985,20,18,1497,16.6,7,0,6,1,1,1,0,0.42,0.00,0.42,0.36,0.36,Matches
357,Rafinha\Rafinha,br BRA,DF,Bayern Munich,30,1985,20,10,1029,11.4,1,1,1,0,0,2,0,0.09,0.09,0.17,0.09,0.17,Matches
358,Baba Rahman\Baba-Rahman,gh GHA,DFMF,Schalke 04,22,1994,13,7,712,7.9,0,1,0,0,0,2,0,0.00,0.13,0.13,0.00,0.13,Matches
359,André Ramalho\Andre-Ramalho,br BRA,MFDF,Mainz 05,24,1992,18,12,1135,12.6,0,0,0,0,0,4,0,0.00,0.00,0.00,0.00,0.00,Matches
360,Adrián Ramos\Adrian-Ramos,co COL,FW,Dortmund,30,1986,7,4,357,4.0,2,0,2,0,0,2,0,0.50,0.00,0.50,0.50,0.50,Matches
361,Konstantin Rausch\Konstantin-Rausch,ru RUS,MFDF,Köln,26,1990,28,23,1932,21.5,0,1,0,0,0,4,0,0.00,0.05,0.05,0.00,0.05,Matches
362,Ante Rebić\Ante-Rebic,hr CRO,MFFW,Eint Frankfurt,22,1993,24,16,1405,15.6,2,2,2,0,0,10,0,0.13,0.13,0.26,0.13,0.26,Matches
363,Fabian Reese\Fabian-Reese,de GER,FW,Schalke 04,18,1997,3,1,74,0.8,0,0,0,0,0,0,0,0.00,0.00,0.00,0.00,0.00,Matches
364,Marco Reus\Marco-Reus,de GER,FWMF,Dortmund,27,1989,17,16,1180,13.1,7,3,5,2,2,2,2,0.53,0.23,0.76,0.38,0.61,Matches
365,Franck Ribéry\Franck-Ribery,fr FRA,MFFW,Bayern Munich,33,1983,22,14,1239,13.8,5,11,5,0,0,2,0,0.36,0.80,1.16,0.36,1.16,Matches
366,Tim Rieder\Tim-Rieder,de GER,MF,Augsburg,22,1993,5,2,216,2.4,0,0,0,0,0,0,0,0.00,0.00,0.00,0.00,0.00,Matches
367,Sascha Riether\Sascha-Riether,de GER,DF,Schalke 04,33,1983,5,3,286,3.2,0,0,0,0,0,0,0,0.00,0.00,0.00,0.00,0.00,Matches
368,Marcel Risse\Marcel-Risse,de GER,MF,Köln,26,1989,13,13,1102,12.2,2,4,2,0,0,1,0,0.16,0.33,0.49,0.16,0.49,Matches
369,Arjen Robben\Arjen-Robben,nl NED,MFFW,Bayern Munich,32,1984,26,21,1825,20.3,13,9,13,0,0,0,0,0.64,0.44,1.08,0.64,1.08,Matches
370,Sebastian Rode\Sebastian-Rode,de GER,MF,Dortmund,25,1990,14,5,581,6.5,1,0,1,0,0,0,0,0.15,0.00,0.15,0.15,0.15,Matches
371,José Rodríguez\Jose-Rodriguez,es ESP,MF,Mainz 05,21,1994,2,0,6,0.1,0,0,0,0,0,0,1,0.00,0.00,0.00,0.00,0.00,Matches
372,Ricardo Rodríguez\Ricardo-Rodriguez,ch SUI,DF,Wolfsburg,23,1992,24,23,2018,22.4,2,3,1,1,1,1,0,0.09,0.13,0.22,0.04,0.18,Matches
373,Roger\Roger,br BRA,MFDF,Ingolstadt 04,30,1985,30,26,2281,25.3,1,0,1,0,0,6,0,0.04,0.00,0.04,0.04,0.04,Matches
374,Jan Rosenthal\Jan-Rosenthal,de GER,MFFW,Darmstadt 98,30,1986,19,10,840,9.3,0,0,0,0,0,3,0,0.00,0.00,0.00,0.00,0.00,Matches
375,Artjoms Rudņevs\Artjoms-Rudnevs,lv LVA,FWMF,Köln,28,1988,18,6,692,7.7,3,2,3,0,0,3,0,0.39,0.26,0.65,0.39,0.65,Matches
376,Sebastian Rudy\Sebastian-Rudy,de GER,MF,Hoffenheim,26,1990,32,32,2786,31.0,2,6,2,0,0,9,0,0.06,0.19,0.26,0.06,0.26,Matches
377,Lukas Rupp\Lukas-Rupp,de GER,MF,Hoffenheim,25,1991,14,8,792,8.8,2,0,2,0,0,2,0,0.23,0.00,0.23,0.23,0.23,Matches
378,Marco Russ\Marco-Russ,de GER,DF,Eint Frankfurt,30,1985,4,3,242,2.7,0,0,0,0,0,1,0,0.00,0.00,0.00,0.00,0.00,Matches
379,Marcel Sabitzer\Marcel-Sabitzer,at AUT,MFFW,RB Leipzig,22,1994,32,31,2593,28.8,8,4,8,0,0,3,0,0.28,0.14,0.42,0.28,0.42,Matches
380,Nuri Şahin\Nuri-Sahin,tr TUR,MF,Dortmund,27,1988,5,4,230,2.6,0,0,0,0,0,1,0,0.00,0.00,0.00,0.00,0.00,Matches
381,Gōtoku Sakai\Gotoku-Sakai,jp JPN,DFMF,Hamburger SV,25,1991,33,29,2696,30.0,1,2,1,0,0,7,0,0.03,0.07,0.10,0.03,0.10,Matches
382,Sidney Sam\Sidney-Sam,de GER,MF,Darmstadt 98,28,1988,13,11,884,9.8,2,1,0,2,2,1,0,0.20,0.10,0.31,0.00,0.10,Matches
383,Jairo Samperio\Jairo-Samperio,es ESP,MF,Mainz 05,23,1993,17,11,942,10.5,2,1,0,2,2,5,0,0.19,0.10,0.29,0.00,0.10,Matches
384,Renato Sanches\Renato-Sanches,pt POR,MF,Bayern Munich,18,1997,17,6,621,6.9,0,0,0,0,0,3,0,0.00,0.00,0.00,0.00,0.00,Matches
385,Lamine Sané\Lamine-Sane,sn SEN,DF,Werder Bremen,29,1987,27,27,2360,26.2,1,1,1,0,0,3,0,0.04,0.04,0.08,0.04,0.08,Matches
386,Douglas Santos\Douglas-Santos,br BRA,DF,Hamburger SV,22,1994,20,19,1713,19.0,0,0,0,0,0,4,0,0.00,0.00,0.00,0.00,0.00,Matches
387,Marcel Schäfer\Marcel-Schafer,de GER,MFDF,Wolfsburg,32,1984,4,2,109,1.2,0,0,0,0,0,1,0,0.00,0.00,0.00,0.00,0.00,Matches
388,Fabian Schär\Fabian-Schar,ch SUI,DF,Hoffenheim,24,1991,6,3,284,3.2,0,0,0,0,0,2,0,0.00,0.00,0.00,0.00,0.00,Matches
389,Julian Schieber\Julian-Schieber,de GER,FW,Hertha BSC,27,1989,18,2,438,4.9,3,1,3,0,0,3,0,0.62,0.21,0.82,0.62,0.82,Matches
390,Sven Schipplock\Sven-Schipplock,de GER,FW,Darmstadt 98,27,1988,23,12,1108,12.3,2,1,2,0,0,3,0,0.16,0.08,0.24,0.16,0.24,Matches
391,Marcel Schmelzer\Marcel-Schmelzer,de GER,DFMF,Dortmund,28,1988,26,25,2188,24.3,0,2,0,0,0,3,0,0.00,0.08,0.08,0.00,0.08,Matches
392,Jonathan Schmid\Jonathan-Schmid,fr FRA,MF,Augsburg,26,1990,25,20,1729,19.2,1,3,1,0,0,1,0,0.05,0.16,0.21,0.05,0.21,Matches
393,Niklas Schmidt\Niklas-Schmidt,de GER,FWMF,Werder Bremen,18,1998,1,0,15,0.2,0,1,0,0,0,0,0,0.00,6.00,6.00,0.00,6.00,Matches
394,Benno Schmitz\Benno-Schmitz,de GER,DF,RB Leipzig,21,1994,16,11,990,11.0,0,2,0,0,0,2,0,0.00,0.18,0.18,0.00,0.18,Matches
395,Alessandro Schöpf\Alessandro-Schopf,at AUT,MF,Schalke 04,22,1994,28,22,2040,22.7,6,2,6,0,0,4,0,0.26,0.09,0.35,0.26,0.35,Matches
396,Nico Schulz\Nico-Schulz,de GER,DF,M'Gladbach,23,1993,12,4,417,4.6,1,2,1,0,0,1,0,0.22,0.43,0.65,0.22,0.65,Matches
397,André Schürrle\Andre-Schurrle,de GER,MFFW,Dortmund,25,1990,15,8,748,8.3,2,2,1,1,1,3,0,0.24,0.24,0.48,0.12,0.36,Matches
398,Julian Schuster\Julian-Schuster,de GER,MFDF,Freiburg,31,1985,13,9,846,9.4,0,0,0,0,0,3,0,0.00,0.00,0.00,0.00,0.00,Matches
399,Pirmin Schwegler\Pirmin-Schwegler,ch SUI,MF,Hoffenheim,29,1987,10,2,396,4.4,0,1,0,0,0,1,0,0.00,0.23,0.23,0.00,0.23,Matches
400,Alexander Schwolow\Alexander-Schwolow,de GER,GK,Freiburg,24,1992,34,34,3060,34.0,0,0,0,0,0,1,0,0.00,0.00,0.00,0.00,0.00,Matches
401,Haris Seferović\Haris-Seferovic,ch SUI,FWMF,Eint Frankfurt,24,1992,25,11,1069,11.9,3,1,3,0,0,1,1,0.25,0.08,0.34,0.25,0.34,Matches
402,Paul Seguin\Paul-Seguin,de GER,MFDF,Wolfsburg,21,1995,22,15,1323,14.7,1,1,1,0,0,4,2,0.07,0.07,0.14,0.07,0.14,Matches
403,Davie Selke\Davie-Selke,de GER,FW,RB Leipzig,21,1995,21,2,453,5.0,4,1,4,0,0,4,0,0.79,0.20,0.99,0.79,0.99,Matches
404,Suat Serdar\Suat-Serdar,de GER,MF,Mainz 05,19,1997,8,4,330,3.7,0,0,0,0,0,1,0,0.00,0.00,0.00,0.00,0.00,Matches
405,Aaron Seydel\Aaron-Seydel,de GER,FW,Mainz 05,20,1996,6,1,176,2.0,1,0,1,0,0,0,0,0.51,0.00,0.51,0.51,0.51,Matches
406,Ba-Muaka Simakala\Ba-Muaka-Simakala,cg CGO,FW,M'Gladbach,19,1997,1,0,11,0.1,0,0,0,0,0,0,0,0.00,0.00,0.00,0.00,0.00,Matches
407,Sandro Sirigu\Sandro-Sirigu,de GER,DFMF,Darmstadt 98,27,1988,30,17,1814,20.2,2,2,2,0,0,5,2,0.10,0.10,0.20,0.10,0.20,Matches
408,Yann Sommer\Yann-Sommer,ch SUI,GK,M'Gladbach,27,1988,34,34,3060,34.0,0,0,0,0,0,1,0,0.00,0.00,0.00,0.00,0.00,Matches
409,Djibril Sow\Djibril-Sow,ch SUI,MF,M'Gladbach,19,1997,1,0,1,0.0,0,0,0,0,0,0,0,0.00,0.00,0.00,0.00,0.00,Matches
410,Çağlar Söyüncü\Caglar-Soyuncu,tr TUR,DF,Freiburg,20,1996,24,24,2070,23.0,0,1,0,0,0,4,0,0.00,0.04,0.04,0.00,0.04,Matches
411,Emir Spahić\Emir-Spahic,ba BIH,DF,Hamburger SV,35,1980,11,9,777,8.6,0,0,0,0,0,3,0,0.00,0.00,0.00,0.00,0.00,Matches
412,Kostas Stafylidis\Kostas-Stafylidis,gr GRE,DFMF,Augsburg,22,1993,27,26,2240,24.9,4,0,4,0,0,6,0,0.16,0.00,0.16,0.16,0.16,Matches
413,Benjamin Stambouli\Benjamin-Stambouli,fr FRA,MF,Schalke 04,25,1990,23,15,1297,14.4,0,0,0,0,0,3,1,0.00,0.00,0.00,0.00,0.00,Matches
414,Niklas Stark\Niklas-Stark,de GER,MFDF,Hertha BSC,21,1995,27,27,2349,26.1,1,0,1,0,0,6,0,0.04,0.00,0.04,0.04,0.04,Matches
415,Tom Starke\Tom-Starke,de GER,GK,Bayern Munich,35,1981,3,3,270,3.0,0,0,0,0,0,0,0,0.00,0.00,0.00,0.00,0.00,Matches
416,Markus Steinhöfer\Markus-Steinhofer,de GER,DFMF,Darmstadt 98,30,1986,7,3,323,3.6,0,1,0,0,0,0,0,0.00,0.28,0.28,0.00,0.28,Matches
417,Marc Stendera\Marc-Stendera,de GER,MF,Eint Frankfurt,20,1995,2,2,129,1.4,0,0,0,0,0,0,0,0.00,0.00,0.00,0.00,0.00,Matches
418,Pascal Stenzel\Pascal-Stenzel,de GER,DFMF,Freiburg,20,1996,19,14,1306,14.5,1,1,1,0,0,3,0,0.07,0.07,0.14,0.07,0.14,Matches
419,Janek Sternberg\Janek-Sternberg,de GER,DF,Werder Bremen,23,1992,2,0,73,0.8,0,0,0,0,0,1,0,0.00,0.00,0.00,0.00,0.00,Matches
420,Lars Stindl\Lars-Stindl,de GER,FWMF,M'Gladbach,27,1988,30,29,2589,28.8,11,3,11,0,1,8,0,0.38,0.10,0.49,0.38,0.49,Matches
421,Valentin Stocker\Valentin-Stocker,ch SUI,MF,Hertha BSC,27,1989,17,14,1157,12.9,4,1,4,0,0,1,1,0.31,0.08,0.39,0.31,0.39,Matches
422,Tobias Strobl\Tobias-Strobl,de GER,MFDF,M'Gladbach,26,1990,23,18,1565,17.4,0,1,0,0,0,7,2,0.00,0.06,0.06,0.00,0.06,Matches
423,Dominik Stroh-Engel\Dominik-Stroh-Engel,de GER,FW,Darmstadt 98,30,1985,4,0,46,0.5,0,0,0,0,0,0,0,0.00,0.00,0.00,0.00,0.00,Matches
424,Neven Subotić\Neven-Subotic,rs SRB,DF,Köln,27,1988,12,9,890,9.9,0,0,0,0,0,1,0,0.00,0.00,0.00,0.00,0.00,Matches
425,Niklas Süle\Niklas-Sule,de GER,DF,Hoffenheim,20,1995,33,33,2885,32.1,2,2,2,0,0,4,0,0.06,0.06,0.12,0.06,0.12,Matches
426,Aytaç Sulu\Aytac-Sulu,tr TUR,DF,Darmstadt 98,30,1985,27,27,2430,27.0,2,0,2,0,0,7,0,0.07,0.00,0.07,0.07,0.07,Matches
427,Markus Suttner\Markus-Suttner,at AUT,MFDF,Ingolstadt 04,29,1987,31,31,2732,30.4,4,5,4,0,0,10,0,0.13,0.16,0.30,0.13,0.30,Matches
428,Ádám Szalai\Adam-Szalai,hu HUN,FWMF,Hoffenheim,28,1987,22,7,782,8.7,8,1,8,0,0,2,0,0.92,0.12,1.04,0.92,1.04,Matches
429,Frederik Sørensen\Frederik-Sorensen,dk DEN,DF,Köln,24,1992,31,30,2679,29.8,0,2,0,0,0,5,0,0.00,0.07,0.07,0.00,0.07,Matches
430,Jonathan Tah\Jonathan-Tah,de GER,DF,Leverkusen,20,1996,19,16,1640,18.2,1,1,1,0,0,1,0,0.05,0.05,0.11,0.05,0.11,Matches
431,Shani Tarashaj\Shani-Tarashaj,ch SUI,MF,Eint Frankfurt,21,1995,13,1,333,3.7,1,0,1,0,0,1,0,0.27,0.00,0.27,0.27,0.27,Matches
432,Taleb Tawatha\Taleb-Tawatha,il ISR,MF,Eint Frankfurt,24,1992,14,8,693,7.7,0,0,0,0,0,0,0,0.00,0.00,0.00,0.00,0.00,Matches
433,Georg Teigl\Georg-Teigl,at AUT,MF,Augsburg,25,1991,18,4,667,7.4,0,1,0,0,0,1,0,0.00,0.13,0.13,0.00,0.13,Matches
434,Bernard Tekpetey\Bernard-Tekpetey,gh GHA,MF,Schalke 04,18,1997,2,0,5,0.1,0,0,0,0,0,1,0,0.00,0.00,0.00,0.00,0.00,Matches
435,Marco Terrazzino\Marco-Terrazzino,de GER,MFFW,Hoffenheim,25,1991,9,4,364,4.0,1,2,1,0,0,0,0,0.25,0.49,0.74,0.25,0.74,Matches
436,Lennart Thy\Lennart-Thy,de GER,FW,Werder Bremen,24,1992,6,0,90,1.0,1,0,1,0,0,0,0,1.00,0.00,1.00,1.00,1.00,Matches
437,Marcel Tisserand\Marcel-Tisserand,cd COD,DF,Ingolstadt 04,23,1993,28,27,2388,26.5,0,1,0,0,0,9,0,0.00,0.04,0.04,0.00,0.04,Matches
438,Jeremy Toljan\Jeremy-Toljan,de GER,MF,Hoffenheim,21,1994,20,14,1318,14.6,1,1,1,0,0,1,0,0.07,0.07,0.14,0.07,0.14,Matches
439,Ömer Toprak\Omer-Toprak,tr TUR,DF,Leverkusen,27,1989,25,25,2098,23.3,1,0,1,0,1,6,0,0.04,0.00,0.04,0.04,0.04,Matches
440,Marc Torrejón\Marc-Torrejon,es ESP,DF,Freiburg,30,1986,12,10,932,10.4,0,0,0,0,0,1,0,0.00,0.00,0.00,0.00,0.00,Matches
441,Jordan Torunarigha\Jordan-Torunarigha,de GER,DF,Hertha BSC,18,1997,8,5,484,5.4,1,0,1,0,0,1,0,0.19,0.00,0.19,0.19,0.19,Matches
442,Ibrahima Traoré\Ibrahima-Traore,gn GUI,MF,M'Gladbach,28,1988,14,9,839,9.3,1,3,1,0,0,0,0,0.11,0.32,0.43,0.11,0.43,Matches
443,Christian Träsch\Christian-Trasch,de GER,DFMF,Wolfsburg,28,1987,11,7,697,7.7,0,1,0,0,0,0,0,0.00,0.13,0.13,0.00,0.13,Matches
444,Sven Ulreich\Sven-Ulreich,de GER,GK,Bayern Munich,27,1988,5,5,450,5.0,0,0,0,0,0,0,0,0.00,0.00,0.00,0.00,0.00,Matches
445,Dayot Upamecano\Dayot-Upamecano,fr FRA,DF,RB Leipzig,17,1998,12,8,667,7.4,0,0,0,0,0,3,0,0.00,0.00,0.00,0.00,0.00,Matches
446,Takashi Usami\Takashi-Usami,jp JPN,MF,Augsburg,24,1992,11,5,437,4.9,0,0,0,0,0,0,0,0.00,0.00,0.00,0.00,0.00,Matches
447,Mark Uth\Mark-Uth,de GER,FW,Hoffenheim,24,1991,22,12,1153,12.8,7,3,7,0,0,4,0,0.55,0.23,0.78,0.55,0.78,Matches
448,Jesús Vallejo\Jesus-Vallejo,es ESP,DF,Eint Frankfurt,19,1997,25,22,2057,22.9,1,0,1,0,0,4,0,0.04,0.00,0.04,0.04,0.04,Matches
449,Guillermo Varela\Guillermo-Varela,uy URU,MFDF,Eint Frankfurt,23,1993,7,6,428,4.8,0,0,0,0,0,1,0,0.00,0.00,0.00,0.00,0.00,Matches
450,Eduardo Vargas\Eduardo-Vargas,cl CHI,FWMF,Hoffenheim,26,1989,5,0,101,1.1,0,0,0,0,0,1,0,0.00,0.00,0.00,0.00,0.00,Matches
451,Miloš Veljković\Milos-Veljkovic,rs SRB,DF,Werder Bremen,20,1995,26,20,1813,20.1,0,0,0,0,0,5,0,0.00,0.00,0.00,0.00,0.00,Matches
452,Paul Verhaegh\Paul-Verhaegh,nl NED,DF,Augsburg,32,1983,31,31,2762,30.7,3,2,0,3,4,4,0,0.10,0.07,0.16,0.00,0.07,Matches
453,Jannik Vestergaard\Jannik-Vestergaard,dk DEN,DF,M'Gladbach,23,1992,34,29,2660,29.6,4,1,4,0,0,1,0,0.14,0.03,0.17,0.14,0.17,Matches
454,Arturo Vidal\Arturo-Vidal,cl CHI,MF,Bayern Munich,29,1987,27,21,1821,20.2,4,2,4,0,0,8,0,0.20,0.10,0.30,0.20,0.30,Matches
455,Vieirinha\Vieirinha,pt POR,MFDF,Wolfsburg,30,1986,21,13,1214,13.5,0,0,0,0,0,3,0,0.00,0.00,0.00,0.00,0.00,Matches
456,Kevin Vogt\Kevin-Vogt,de GER,DFMF,Hoffenheim,24,1991,31,30,2595,28.8,0,0,0,0,0,6,0,0.00,0.00,0.00,0.00,0.00,Matches
457,Kevin Volland\Kevin-Volland,de GER,FWMF,Leverkusen,24,1992,23,16,1473,16.4,6,2,5,1,1,3,1,0.37,0.12,0.49,0.31,0.43,Matches
458,Mario Vrančić\Mario-Vrancic,ba BIH,MF,Darmstadt 98,27,1989,23,18,1537,17.1,4,2,3,1,1,2,2,0.23,0.12,0.35,0.18,0.29,Matches
459,Sandro Wagner\Sandro-Wagner,de GER,FW,Hoffenheim,28,1987,31,30,2597,28.9,11,2,11,0,0,3,1,0.38,0.07,0.45,0.38,0.45,Matches
460,Walace\Walace,br BRA,MF,Hamburger SV,21,1995,9,9,718,8.0,1,0,1,0,0,2,0,0.13,0.00,0.13,0.13,0.13,Matches
461,Luca Waldschmidt\Luca-Waldschmidt,de GER,MF,Hamburger SV,20,1996,14,3,357,4.0,1,1,1,0,0,0,0,0.25,0.25,0.50,0.25,0.50,Matches
462,Roman Weidenfeller\Roman-Weidenfeller,de GER,GK,Dortmund,35,1980,7,7,630,7.0,0,0,0,0,0,0,0,0.00,0.00,0.00,0.00,0.00,Matches
463,Julian Weigl\Julian-Weigl,de GER,MF,Dortmund,20,1995,30,27,2414,26.8,0,0,0,0,0,2,0,0.00,0.00,0.00,0.00,0.00,Matches
464,Mitchell Weiser\Mitchell-Weiser,de GER,MFDF,Hertha BSC,22,1994,17,12,1126,12.5,2,4,2,0,0,2,0,0.16,0.32,0.48,0.16,0.48,Matches
465,Wendell\Wendell,br BRA,DF,Leverkusen,23,1993,32,27,2525,28.1,2,2,2,0,0,9,2,0.07,0.07,0.14,0.07,0.14,Matches
466,Oscar Wendt\Oscar-Wendt,se SWE,DFMF,M'Gladbach,30,1985,28,28,2459,27.3,2,2,2,0,0,3,0,0.07,0.07,0.15,0.07,0.15,Matches
467,Timo Werner\Timo-Werner,de GER,FW,RB Leipzig,20,1996,31,28,2416,26.8,21,5,19,2,2,4,0,0.78,0.19,0.97,0.71,0.89,Matches
468,Felix Wiedwald\Felix-Wiedwald,de GER,GK,Werder Bremen,26,1990,25,24,2209,24.5,0,0,0,0,0,2,0,0.00,0.00,0.00,0.00,0.00,Matches
469,Marius Wolf\Marius-Wolf,de GER,MF,Eint Frankfurt,21,1995,3,2,167,1.9,0,0,0,0,0,1,0,0.00,0.00,0.00,0.00,0.00,Matches
470,Philipp Wollscheid\Philipp-Wollscheid,de GER,DF,Wolfsburg,27,1989,7,6,542,6.0,0,0,0,0,0,0,0,0.00,0.00,0.00,0.00,0.00,Matches
471,Bobby Wood\Bobby-Wood,us USA,FW,Hamburger SV,23,1992,28,23,2081,23.1,5,2,5,0,0,1,1,0.22,0.09,0.30,0.22,0.30,Matches
472,Sambou Yatabaré\Sambou-Yatabare,ml MLI,MF,Werder Bremen,27,1989,2,2,175,1.9,0,0,0,0,0,0,0,0.00,0.00,0.00,0.00,0.00,Matches
473,Vladlen Yurchenko\Vladlen-Yurchenko,ua UKR,MF,Leverkusen,22,1994,3,1,148,1.6,0,0,0,0,0,0,0,0.00,0.00,0.00,0.00,0.00,Matches
474,Simon Zoller\Simon-Zoller,de GER,MFFW,Köln,25,1991,26,8,1034,11.5,2,2,2,0,0,3,0,0.17,0.17,0.35,0.17,0.35,Matches
475,Steven Zuber\Steven-Zuber,ch SUI,MF,Hoffenheim,24,1991,24,23,2026,22.5,4,4,4,0,0,2,0,0.18,0.18,0.36,0.18,0.36,Matches